id,folio_tramite,tramite_id,cambios,tipo,origen,user_id,created_at,updated_at,status
64,064474,108,"{"folio":{"valor_original":"064474","valor_nuevo":""},"contrato":{"valor_original":"59994","valor_nuevo":""},"unidad":{"valor_original":"VOLKSWAGEN ","valor_nuevo":""},"serie":{"valor_original":"MEX5G2603KT0225","valor_nuevo":""},"placas":{"valor_original":"YCG067A","valor_nuevo":""},"tra_tipos_id":{"valor_original":"15","valor_nuevo":""},"ent_municipio_id":{"valor_original":"2281","valor_nuevo":""},"cli_directo_id":{"valor_original":"17","valor_nuevo":""},"cli_directo_ejecutivo_id":{"valor_original":"34","valor_nuevo":""},"empresa_gestora_id":{"valor_original":"60","valor_nuevo":""},"gestor_id":{"valor_original":null,"valor_nuevo":""},"fecha_asignacion":{"valor_original":"2024-05-18 13:00:00","valor_nuevo":""},"tra_status_id":{"valor_original":"11","valor_nuevo":""},"cobro_status_id":{"valor_original":null,"valor_nuevo":""},"observaciones":{"valor_original":null,"valor_nuevo":""},"status":{"valor_original":"1","valor_nuevo":""},"created_at":{"valor_original":"2024-05-18 15:36:14","valor_nuevo":""},"updated_at":{"valor_original":"2024-05-18 15:36:14","valor_nuevo":""}}",insert,tramite,6,"2024-05-18 09:36:14","2024-05-18 09:36:14",1
65,064804,109,"{"folio":{"valor_original":"064804","valor_nuevo":""},"contrato":{"valor_original":"71079","valor_nuevo":""},"unidad":{"valor_original":"TOYOTA ","valor_nuevo":""},"serie":{"valor_original":"5TDYZ3DC3LS0546","valor_nuevo":""},"placas":{"valor_original":"UWV134C","valor_nuevo":""},"tra_tipos_id":{"valor_original":"15","valor_nuevo":""},"ent_municipio_id":{"valor_original":"1843","valor_nuevo":""},"cli_directo_id":{"valor_original":"17","valor_nuevo":""},"cli_directo_ejecutivo_id":{"valor_original":"34","valor_nuevo":""},"empresa_gestora_id":{"valor_original":"49","valor_nuevo":""},"gestor_id":{"valor_original":null,"valor_nuevo":""},"fecha_asignacion":{"valor_original":"2024-05-06 13:00:00","valor_nuevo":""},"tra_status_id":{"valor_original":"11","valor_nuevo":""},"cobro_status_id":{"valor_original":null,"valor_nuevo":""},"observaciones":{"valor_original":null,"valor_nuevo":""},"status":{"valor_original":"1","valor_nuevo":""},"created_at":{"valor_original":"2024-05-18 15:41:48","valor_nuevo":""},"updated_at":{"valor_original":"2024-05-18 15:41:48","valor_nuevo":""}}",insert,tramite,6,"2024-05-18 09:41:48","2024-05-18 09:41:48",1
66,065103,110,"{"folio":{"valor_original":"065103","valor_nuevo":""},"contrato":{"valor_original":"99336","valor_nuevo":""},"unidad":{"valor_original":"MAZDA CX-30","valor_nuevo":""},"serie":{"valor_original":"3MVDMCCL5RM6240","valor_nuevo":""},"placas":{"valor_original":"C35BNL","valor_nuevo":""},"tra_tipos_id":{"valor_original":"34","valor_nuevo":""},"ent_municipio_id":{"valor_original":"266","valor_nuevo":""},"cli_directo_id":{"valor_original":"17","valor_nuevo":""},"cli_directo_ejecutivo_id":{"valor_original":"35","valor_nuevo":""},"empresa_gestora_id":{"valor_original":"18","valor_nuevo":""},"gestor_id":{"valor_original":null,"valor_nuevo":""},"fecha_asignacion":{"valor_original":"2024-05-06 13:00:00","valor_nuevo":""},"tra_status_id":{"valor_original":"11","valor_nuevo":""},"cobro_status_id":{"valor_original":null,"valor_nuevo":""},"observaciones":{"valor_original":null,"valor_nuevo":""},"status":{"valor_original":"1","valor_nuevo":""},"created_at":{"valor_original":"2024-05-18 15:45:54","valor_nuevo":""},"updated_at":{"valor_original":"2024-05-18 15:45:54","valor_nuevo":""}}",insert,tramite,6,"2024-05-18 09:45:54","2024-05-18 09:45:54",1
67,065180,111,"{"folio":{"valor_original":"065180","valor_nuevo":""},"contrato":{"valor_original":"70435","valor_nuevo":""},"unidad":{"valor_original":"PEUGEOT","valor_nuevo":""},"serie":{"valor_original":"VF3M45GY9LS0099","valor_nuevo":""},"placas":{"valor_original":"TNU572B","valor_nuevo":""},"tra_tipos_id":{"valor_original":"15","valor_nuevo":""},"ent_municipio_id":{"valor_original":"1684","valor_nuevo":""},"cli_directo_id":{"valor_original":"17","valor_nuevo":""},"cli_directo_ejecutivo_id":{"valor_original":"34","valor_nuevo":""},"empresa_gestora_id":{"valor_original":"18","valor_nuevo":""},"gestor_id":{"valor_original":null,"valor_nuevo":""},"fecha_asignacion":{"valor_original":"2024-05-18 13:00:00","valor_nuevo":""},"tra_status_id":{"valor_original":"11","valor_nuevo":""},"cobro_status_id":{"valor_original":null,"valor_nuevo":""},"observaciones":{"valor_original":null,"valor_nuevo":""},"status":{"valor_original":"1","valor_nuevo":""},"created_at":{"valor_original":"2024-05-18 15:48:14","valor_nuevo":""},"updated_at":{"valor_original":"2024-05-18 15:48:14","valor_nuevo":""}}",insert,tramite,6,"2024-05-18 09:48:14","2024-05-18 09:48:14",1
68,065103,110,"{"id":{"valor_original":"110","valor_nuevo":""},"folio":{"valor_original":"065103","valor_nuevo":""},"contrato":{"valor_original":"99336","valor_nuevo":""},"unidad":{"valor_original":"MAZDA CX-30","valor_nuevo":""},"serie":{"valor_original":"3MVDMCCL5RM6240","valor_nuevo":""},"placas":{"valor_original":"C35BNL","valor_nuevo":""},"tra_tipos_id":{"valor_original":"34","valor_nuevo":""},"ent_municipio_id":{"valor_original":"266","valor_nuevo":""},"cli_directo_id":{"valor_original":"17","valor_nuevo":""},"empresa_gestora_id":{"valor_original":"18","valor_nuevo":""},"fecha_asignacion":{"valor_original":"2024-05-06 13:00:00","valor_nuevo":""},"fecha_conclusion":{"valor_original":null,"valor_nuevo":""},"costo_gestoria":{"valor_original":null,"valor_nuevo":""},"impuesto_gestoria":{"valor_original":null,"valor_nuevo":""},"derechos_tramite":{"valor_original":null,"valor_nuevo":""},"comision_derechos":{"valor_original":null,"valor_nuevo":""},"numero_factura":{"valor_original":null,"valor_nuevo":""},"numero_refactura":{"valor_original":null,"valor_nuevo":""},"costo_total":{"valor_original":null,"valor_nuevo":""},"reembolso_status_id":{"valor_original":null,"valor_nuevo":""},"tra_status_id":{"valor_original":"11","valor_nuevo":""},"cobro_status_id":{"valor_original":null,"valor_nuevo":""},"observaciones":{"valor_original":null,"valor_nuevo":""},"user_id":{"valor_original":null,"valor_nuevo":""},"created_at":{"valor_original":"2024-05-18 15:45:54","valor_nuevo":""},"updated_at":{"valor_original":"2024-05-18 15:45:54","valor_nuevo":"2024-05-18 15:56:57"},"status":{"valor_original":"1","valor_nuevo":""}}",update,tramite,6,"2024-05-18 09:56:57","2024-05-18 09:56:57",1
69,065889,112,"{"folio":{"valor_original":"065889","valor_nuevo":""},"contrato":{"valor_original":"75844","valor_nuevo":""},"unidad":{"valor_original":"VOLKSWAGEN","valor_nuevo":""},"serie":{"valor_original":"3VVHP65N8LM1636","valor_nuevo":""},"placas":{"valor_original":"M37BGZ","valor_nuevo":""},"tra_tipos_id":{"valor_original":"15","valor_nuevo":""},"ent_municipio_id":{"valor_original":"276","valor_nuevo":""},"cli_directo_id":{"valor_original":"17","valor_nuevo":""},"cli_directo_ejecutivo_id":{"valor_original":"34","valor_nuevo":""},"empresa_gestora_id":{"valor_original":"18","valor_nuevo":""},"gestor_id":{"valor_original":"35","valor_nuevo":""},"fecha_asignacion":{"valor_original":"2024-05-09 13:00:00","valor_nuevo":""},"tra_status_id":{"valor_original":"11","valor_nuevo":""},"cobro_status_id":{"valor_original":null,"valor_nuevo":""},"observaciones":{"valor_original":"se realiza renovaci\u00f3n de tarjeta de circulaci\u00f3n, favor de incluir el cobro de reembolso y gestor\u00eda","valor_nuevo":""},"status":{"valor_original":"1","valor_nuevo":""},"created_at":{"valor_original":"2024-05-18 16:00:10","valor_nuevo":""},"updated_at":{"valor_original":"2024-05-18 16:00:10","valor_nuevo":""}}",insert,tramite,6,"2024-05-18 10:00:10","2024-05-18 10:00:10",1
70,066054,113,"{"folio":{"valor_original":"066054","valor_nuevo":""},"contrato":{"valor_original":"67760","valor_nuevo":""},"unidad":{"valor_original":" MAZDA3\u00a0\u00a0\u00a0\u00a0","valor_nuevo":""},"serie":{"valor_original":"JM1BPCML6K11365","valor_nuevo":""},"placas":{"valor_original":"TSP721B","valor_nuevo":""},"tra_tipos_id":{"valor_original":"13","valor_nuevo":""},"ent_municipio_id":{"valor_original":"276","valor_nuevo":""},"cli_directo_id":{"valor_original":"17","valor_nuevo":""},"cli_directo_ejecutivo_id":{"valor_original":"34","valor_nuevo":""},"empresa_gestora_id":{"valor_original":"18","valor_nuevo":""},"gestor_id":{"valor_original":"35","valor_nuevo":""},"fecha_asignacion":{"valor_original":"2024-05-09 14:00:00","valor_nuevo":""},"tra_status_id":{"valor_original":"11","valor_nuevo":""},"cobro_status_id":{"valor_original":null,"valor_nuevo":""},"observaciones":{"valor_original":"se solicita pago de tenencia 2024 de esta unidad ","valor_nuevo":""},"status":{"valor_original":"1","valor_nuevo":""},"created_at":{"valor_original":"2024-05-18 16:02:30","valor_nuevo":""},"updated_at":{"valor_original":"2024-05-18 16:02:30","valor_nuevo":""}}",insert,tramite,6,"2024-05-18 10:02:30","2024-05-18 10:02:30",1
71,066054,113,"{"id":{"valor_original":"113","valor_nuevo":""},"folio":{"valor_original":"066054","valor_nuevo":""},"contrato":{"valor_original":"67760","valor_nuevo":""},"unidad":{"valor_original":" MAZDA3\u00a0\u00a0\u00a0\u00a0","valor_nuevo":""},"serie":{"valor_original":"JM1BPCML6K11365","valor_nuevo":""},"placas":{"valor_original":"TSP721B","valor_nuevo":""},"tra_tipos_id":{"valor_original":"13","valor_nuevo":""},"ent_municipio_id":{"valor_original":"276","valor_nuevo":"1684"},"cli_directo_id":{"valor_original":"17","valor_nuevo":""},"empresa_gestora_id":{"valor_original":"18","valor_nuevo":""},"fecha_asignacion":{"valor_original":"2024-05-09 14:00:00","valor_nuevo":""},"fecha_conclusion":{"valor_original":null,"valor_nuevo":""},"costo_gestoria":{"valor_original":null,"valor_nuevo":""},"impuesto_gestoria":{"valor_original":null,"valor_nuevo":""},"derechos_tramite":{"valor_original":null,"valor_nuevo":""},"comision_derechos":{"valor_original":null,"valor_nuevo":""},"numero_factura":{"valor_original":null,"valor_nuevo":""},"numero_refactura":{"valor_original":null,"valor_nuevo":""},"costo_total":{"valor_original":null,"valor_nuevo":""},"reembolso_status_id":{"valor_original":null,"valor_nuevo":""},"tra_status_id":{"valor_original":"11","valor_nuevo":""},"cobro_status_id":{"valor_original":null,"valor_nuevo":""},"observaciones":{"valor_original":"se solicita pago de tenencia 2024 de esta unidad ","valor_nuevo":""},"user_id":{"valor_original":null,"valor_nuevo":""},"created_at":{"valor_original":"2024-05-18 16:02:30","valor_nuevo":""},"updated_at":{"valor_original":"2024-05-18 16:02:30","valor_nuevo":"2024-05-18 16:03:24"},"status":{"valor_original":"1","valor_nuevo":""}}",update,tramite,6,"2024-05-18 10:03:24","2024-05-18 10:03:24",1
72,066325,114,"{"folio":{"valor_original":"066325","valor_nuevo":""},"contrato":{"valor_original":"91262","valor_nuevo":""},"unidad":{"valor_original":"MG MG5\u00a0\u00a0\u00a0\u00a0\u00a0","valor_nuevo":""},"serie":{"valor_original":"LSJA36E67NZ1943","valor_nuevo":""},"placas":{"valor_original":"U68BKT","valor_nuevo":""},"tra_tipos_id":{"valor_original":"13","valor_nuevo":""},"ent_municipio_id":{"valor_original":"276","valor_nuevo":""},"cli_directo_id":{"valor_original":"17","valor_nuevo":""},"cli_directo_ejecutivo_id":{"valor_original":"34","valor_nuevo":""},"empresa_gestora_id":{"valor_original":"18","valor_nuevo":""},"gestor_id":{"valor_original":"35","valor_nuevo":""},"fecha_asignacion":{"valor_original":"2024-05-09 14:00:00","valor_nuevo":""},"tra_status_id":{"valor_original":"11","valor_nuevo":""},"cobro_status_id":{"valor_original":null,"valor_nuevo":""},"observaciones":{"valor_original":"Cliente solicita se realice pago de  TENENCIAS 2023 Y 2024\r\n","valor_nuevo":""},"status":{"valor_original":"1","valor_nuevo":""},"created_at":{"valor_original":"2024-05-18 16:07:18","valor_nuevo":""},"updated_at":{"valor_original":"2024-05-18 16:07:18","valor_nuevo":""}}",insert,tramite,6,"2024-05-18 10:07:18","2024-05-18 10:07:18",1
73,066464,115,"{"folio":{"valor_original":"066464","valor_nuevo":""},"contrato":{"valor_original":"88010","valor_nuevo":""},"unidad":{"valor_original":"NISSAN FRONTIER","valor_nuevo":""},"serie":{"valor_original":"3N6AD31AXLK8492","valor_nuevo":""},"placas":{"valor_original":"R02BEC","valor_nuevo":""},"tra_tipos_id":{"valor_original":"13","valor_nuevo":""},"ent_municipio_id":{"valor_original":"276","valor_nuevo":""},"cli_directo_id":{"valor_original":"17","valor_nuevo":""},"cli_directo_ejecutivo_id":{"valor_original":"34","valor_nuevo":""},"empresa_gestora_id":{"valor_original":"18","valor_nuevo":""},"gestor_id":{"valor_original":"35","valor_nuevo":""},"fecha_asignacion":{"valor_original":"2024-05-10 00:00:00","valor_nuevo":""},"tra_status_id":{"valor_original":"11","valor_nuevo":""},"cobro_status_id":{"valor_original":null,"valor_nuevo":""},"observaciones":{"valor_original":null,"valor_nuevo":""},"status":{"valor_original":"1","valor_nuevo":""},"created_at":{"valor_original":"2024-05-18 16:09:13","valor_nuevo":""},"updated_at":{"valor_original":"2024-05-18 16:09:13","valor_nuevo":""}}",insert,tramite,6,"2024-05-18 10:09:13","2024-05-18 10:09:13",1
74,066571,116,"{"folio":{"valor_original":"066571","valor_nuevo":""},"contrato":{"valor_original":"78007","valor_nuevo":""},"unidad":{"valor_original":"VOLKSWAGEN T-CROSS","valor_nuevo":""},"serie":{"valor_original":"9BWBL6BF6M40152","valor_nuevo":""},"placas":{"valor_original":"V02BHH","valor_nuevo":""},"tra_tipos_id":{"valor_original":"13","valor_nuevo":""},"ent_municipio_id":{"valor_original":"276","valor_nuevo":""},"cli_directo_id":{"valor_original":"17","valor_nuevo":""},"cli_directo_ejecutivo_id":{"valor_original":"34","valor_nuevo":""},"empresa_gestora_id":{"valor_original":"18","valor_nuevo":""},"gestor_id":{"valor_original":"35","valor_nuevo":""},"fecha_asignacion":{"valor_original":"2024-05-10 13:30:00","valor_nuevo":""},"tra_status_id":{"valor_original":"11","valor_nuevo":""},"cobro_status_id":{"valor_original":null,"valor_nuevo":""},"observaciones":{"valor_original":null,"valor_nuevo":""},"status":{"valor_original":"1","valor_nuevo":""},"created_at":{"valor_original":"2024-05-18 16:10:45","valor_nuevo":""},"updated_at":{"valor_original":"2024-05-18 16:10:45","valor_nuevo":""}}",insert,tramite,6,"2024-05-18 10:10:45","2024-05-18 10:10:45",1
75,066666,117,"{"folio":{"valor_original":"066666","valor_nuevo":""},"contrato":{"valor_original":"75894","valor_nuevo":""},"unidad":{"valor_original":"VOLKSWAGEN","valor_nuevo":""},"serie":{"valor_original":"MEX5G2609LT0625","valor_nuevo":""},"placas":{"valor_original":"YWE879D","valor_nuevo":""},"tra_tipos_id":{"valor_original":"15","valor_nuevo":""},"ent_municipio_id":{"valor_original":"2343","valor_nuevo":""},"cli_directo_id":{"valor_original":"17","valor_nuevo":""},"cli_directo_ejecutivo_id":{"valor_original":"34","valor_nuevo":""},"empresa_gestora_id":{"valor_original":"61","valor_nuevo":""},"gestor_id":{"valor_original":null,"valor_nuevo":""},"fecha_asignacion":{"valor_original":"2024-05-10 14:00:00","valor_nuevo":""},"tra_status_id":{"valor_original":"11","valor_nuevo":""},"cobro_status_id":{"valor_original":null,"valor_nuevo":""},"observaciones":{"valor_original":null,"valor_nuevo":""},"status":{"valor_original":"1","valor_nuevo":""},"created_at":{"valor_original":"2024-05-18 16:13:09","valor_nuevo":""},"updated_at":{"valor_original":"2024-05-18 16:13:09","valor_nuevo":""}}",insert,tramite,6,"2024-05-18 10:13:09","2024-05-18 10:13:09",1
76,066666,117,"{"id":{"valor_original":"117","valor_nuevo":""},"folio":{"valor_original":"066666","valor_nuevo":""},"contrato":{"valor_original":"75894","valor_nuevo":""},"unidad":{"valor_original":"VOLKSWAGEN","valor_nuevo":""},"serie":{"valor_original":"MEX5G2609LT0625","valor_nuevo":""},"placas":{"valor_original":"YWE879D","valor_nuevo":""},"tra_tipos_id":{"valor_original":"15","valor_nuevo":""},"ent_municipio_id":{"valor_original":"2343","valor_nuevo":""},"cli_directo_id":{"valor_original":"17","valor_nuevo":""},"empresa_gestora_id":{"valor_original":"61","valor_nuevo":""},"fecha_asignacion":{"valor_original":"2024-05-10 14:00:00","valor_nuevo":""},"fecha_conclusion":{"valor_original":null,"valor_nuevo":""},"costo_gestoria":{"valor_original":null,"valor_nuevo":""},"impuesto_gestoria":{"valor_original":null,"valor_nuevo":""},"derechos_tramite":{"valor_original":null,"valor_nuevo":""},"comision_derechos":{"valor_original":null,"valor_nuevo":""},"numero_factura":{"valor_original":null,"valor_nuevo":""},"numero_refactura":{"valor_original":null,"valor_nuevo":""},"costo_total":{"valor_original":null,"valor_nuevo":""},"reembolso_status_id":{"valor_original":null,"valor_nuevo":""},"tra_status_id":{"valor_original":"11","valor_nuevo":""},"cobro_status_id":{"valor_original":null,"valor_nuevo":""},"observaciones":{"valor_original":null,"valor_nuevo":"se reciben documentos originales para realizar el tramite"},"user_id":{"valor_original":null,"valor_nuevo":""},"created_at":{"valor_original":"2024-05-18 16:13:09","valor_nuevo":""},"updated_at":{"valor_original":"2024-05-18 16:13:09","valor_nuevo":"2024-05-18 16:13:34"},"status":{"valor_original":"1","valor_nuevo":""}}",update,tramite,6,"2024-05-18 10:13:34","2024-05-18 10:13:34",1
77,066843,118,"{"folio":{"valor_original":"066843","valor_nuevo":""},"contrato":{"valor_original":"50415","valor_nuevo":""},"unidad":{"valor_original":"TOYOTA","valor_nuevo":""},"serie":{"valor_original":"5YFBPRHE7HP7058","valor_nuevo":""},"placas":{"valor_original":"M01ARB","valor_nuevo":""},"tra_tipos_id":{"valor_original":"13","valor_nuevo":""},"ent_municipio_id":{"valor_original":"276","valor_nuevo":""},"cli_directo_id":{"valor_original":"17","valor_nuevo":""},"cli_directo_ejecutivo_id":{"valor_original":"34","valor_nuevo":""},"empresa_gestora_id":{"valor_original":"18","valor_nuevo":""},"gestor_id":{"valor_original":"35","valor_nuevo":""},"fecha_asignacion":{"valor_original":"2024-05-10 13:30:00","valor_nuevo":""},"tra_status_id":{"valor_original":"11","valor_nuevo":""},"cobro_status_id":{"valor_original":null,"valor_nuevo":""},"observaciones":{"valor_original":null,"valor_nuevo":""},"status":{"valor_original":"1","valor_nuevo":""},"created_at":{"valor_original":"2024-05-18 16:15:03","valor_nuevo":""},"updated_at":{"valor_original":"2024-05-18 16:15:03","valor_nuevo":""}}",insert,tramite,6,"2024-05-18 10:15:04","2024-05-18 10:15:04",1
78,066918,119,"{"folio":{"valor_original":"066918","valor_nuevo":""},"contrato":{"valor_original":"71054","valor_nuevo":""},"unidad":{"valor_original":"NISSAN X-TRAIL\u00a0","valor_nuevo":""},"serie":{"valor_original":"JN8BT27T0LW1114","valor_nuevo":""},"placas":{"valor_original":"VCY711A","valor_nuevo":""},"tra_tipos_id":{"valor_original":"15","valor_nuevo":""},"ent_municipio_id":{"valor_original":"1843","valor_nuevo":""},"cli_directo_id":{"valor_original":"17","valor_nuevo":""},"cli_directo_ejecutivo_id":{"valor_original":"34","valor_nuevo":""},"empresa_gestora_id":{"valor_original":"49","valor_nuevo":""},"gestor_id":{"valor_original":null,"valor_nuevo":""},"fecha_asignacion":{"valor_original":"2024-05-10 14:00:00","valor_nuevo":""},"tra_status_id":{"valor_original":"11","valor_nuevo":""},"cobro_status_id":{"valor_original":null,"valor_nuevo":""},"observaciones":{"valor_original":null,"valor_nuevo":""},"status":{"valor_original":"1","valor_nuevo":""},"created_at":{"valor_original":"2024-05-18 16:16:38","valor_nuevo":""},"updated_at":{"valor_original":"2024-05-18 16:16:38","valor_nuevo":""}}",insert,tramite,6,"2024-05-18 10:16:38","2024-05-18 10:16:38",1
79,067022,120,"{"folio":{"valor_original":"067022","valor_nuevo":""},"contrato":{"valor_original":"81724","valor_nuevo":""},"unidad":{"valor_original":"CHEVROLET AVEO\u00a0\u00a0","valor_nuevo":""},"serie":{"valor_original":"LSGHD52H7JD2619","valor_nuevo":""},"placas":{"valor_original":"L86BAM","valor_nuevo":""},"tra_tipos_id":{"valor_original":"13","valor_nuevo":""},"ent_municipio_id":{"valor_original":"276","valor_nuevo":""},"cli_directo_id":{"valor_original":"17","valor_nuevo":""},"cli_directo_ejecutivo_id":{"valor_original":"34","valor_nuevo":""},"empresa_gestora_id":{"valor_original":"18","valor_nuevo":""},"gestor_id":{"valor_original":"35","valor_nuevo":""},"fecha_asignacion":{"valor_original":"2024-05-10 13:30:00","valor_nuevo":""},"tra_status_id":{"valor_original":"11","valor_nuevo":""},"cobro_status_id":{"valor_original":null,"valor_nuevo":""},"observaciones":{"valor_original":"SE RECIBEN PLACAS HOY 14\/05\/24\r\n","valor_nuevo":""},"status":{"valor_original":"1","valor_nuevo":""},"created_at":{"valor_original":"2024-05-18 16:18:26","valor_nuevo":""},"updated_at":{"valor_original":"2024-05-18 16:18:26","valor_nuevo":""}}",insert,tramite,6,"2024-05-18 10:18:26","2024-05-18 10:18:26",1
80,067109,121,"{"folio":{"valor_original":"067109","valor_nuevo":""},"contrato":{"valor_original":"81842","valor_nuevo":""},"unidad":{"valor_original":"CHEVROLET AVEO","valor_nuevo":""},"serie":{"valor_original":"LSGHD52H9LD0445","valor_nuevo":""},"placas":{"valor_original":"B64BEK","valor_nuevo":""},"tra_tipos_id":{"valor_original":"15","valor_nuevo":""},"ent_municipio_id":{"valor_original":"276","valor_nuevo":""},"cli_directo_id":{"valor_original":"17","valor_nuevo":""},"cli_directo_ejecutivo_id":{"valor_original":"34","valor_nuevo":""},"empresa_gestora_id":{"valor_original":"18","valor_nuevo":""},"gestor_id":{"valor_original":"35","valor_nuevo":""},"fecha_asignacion":{"valor_original":"2024-05-13 13:30:00","valor_nuevo":""},"tra_status_id":{"valor_original":"11","valor_nuevo":""},"cobro_status_id":{"valor_original":null,"valor_nuevo":""},"observaciones":{"valor_original":"SE RECIBE CORREO 14\/05\/24\r\n","valor_nuevo":""},"status":{"valor_original":"1","valor_nuevo":""},"created_at":{"valor_original":"2024-05-18 16:19:49","valor_nuevo":""},"updated_at":{"valor_original":"2024-05-18 16:19:49","valor_nuevo":""}}",insert,tramite,6,"2024-05-18 10:19:49","2024-05-18 10:19:49",1
81,067199,122,"{"folio":{"valor_original":"067199","valor_nuevo":""},"contrato":{"valor_original":"71226","valor_nuevo":""},"unidad":{"valor_original":"BMW X22","valor_nuevo":""},"serie":{"valor_original":"WBAYH3100L5N839","valor_nuevo":""},"placas":{"valor_original":"TNR117B","valor_nuevo":""},"tra_tipos_id":{"valor_original":"13","valor_nuevo":""},"ent_municipio_id":{"valor_original":"1684","valor_nuevo":""},"cli_directo_id":{"valor_original":"17","valor_nuevo":""},"cli_directo_ejecutivo_id":{"valor_original":"34","valor_nuevo":""},"empresa_gestora_id":{"valor_original":"18","valor_nuevo":""},"gestor_id":{"valor_original":null,"valor_nuevo":""},"fecha_asignacion":{"valor_original":"2024-05-13 14:30:00","valor_nuevo":""},"tra_status_id":{"valor_original":"11","valor_nuevo":""},"cobro_status_id":{"valor_original":null,"valor_nuevo":""},"observaciones":{"valor_original":"SE LE ENVIA FOTO A CHRISTIAN PARA CHECAR MULTAS 14\/05\/24\r\n","valor_nuevo":""},"status":{"valor_original":"1","valor_nuevo":""},"created_at":{"valor_original":"2024-05-18 16:21:03","valor_nuevo":""},"updated_at":{"valor_original":"2024-05-18 16:21:03","valor_nuevo":""}}",insert,tramite,6,"2024-05-18 10:21:03","2024-05-18 10:21:03",1
82,067274,123,"{"folio":{"valor_original":"067274","valor_nuevo":""},"contrato":{"valor_original":"75866","valor_nuevo":""},"unidad":{"valor_original":"FORD ESCAPE\u00a0\u00a0","valor_nuevo":""},"serie":{"valor_original":"1FMCU0BZ0LUB367","valor_nuevo":""},"placas":{"valor_original":"19F978","valor_nuevo":""},"tra_tipos_id":{"valor_original":"13","valor_nuevo":""},"ent_municipio_id":{"valor_original":"276","valor_nuevo":""},"cli_directo_id":{"valor_original":"17","valor_nuevo":""},"cli_directo_ejecutivo_id":{"valor_original":"34","valor_nuevo":""},"empresa_gestora_id":{"valor_original":"18","valor_nuevo":""},"gestor_id":{"valor_original":"35","valor_nuevo":""},"fecha_asignacion":{"valor_original":"2024-05-13 14:30:00","valor_nuevo":""},"tra_status_id":{"valor_original":"11","valor_nuevo":""},"cobro_status_id":{"valor_original":null,"valor_nuevo":""},"observaciones":{"valor_original":"SE RECIBE CORREO 14\/05\/24\r\n","valor_nuevo":""},"status":{"valor_original":"1","valor_nuevo":""},"created_at":{"valor_original":"2024-05-18 16:22:06","valor_nuevo":""},"updated_at":{"valor_original":"2024-05-18 16:22:06","valor_nuevo":""}}",insert,tramite,6,"2024-05-18 10:22:06","2024-05-18 10:22:06",1
83,067334,124,"{"folio":{"valor_original":"067334","valor_nuevo":""},"contrato":{"valor_original":"92090","valor_nuevo":""},"unidad":{"valor_original":"RENAULT LOGAN\u00a0\u00a0\u00a0\u00a0","valor_nuevo":""},"serie":{"valor_original":"9FB4SR4DXPM3692","valor_nuevo":""},"placas":{"valor_original":"F66BKX","valor_nuevo":""},"tra_tipos_id":{"valor_original":"13","valor_nuevo":""},"ent_municipio_id":{"valor_original":"276","valor_nuevo":""},"cli_directo_id":{"valor_original":"17","valor_nuevo":""},"cli_directo_ejecutivo_id":{"valor_original":"34","valor_nuevo":""},"empresa_gestora_id":{"valor_original":"18","valor_nuevo":""},"gestor_id":{"valor_original":"35","valor_nuevo":""},"fecha_asignacion":{"valor_original":"2024-05-13 14:00:00","valor_nuevo":""},"tra_status_id":{"valor_original":"11","valor_nuevo":""},"cobro_status_id":{"valor_original":null,"valor_nuevo":""},"observaciones":{"valor_original":"SE RECIBE CORREO 14\/05\/24\r\n","valor_nuevo":""},"status":{"valor_original":"1","valor_nuevo":""},"created_at":{"valor_original":"2024-05-18 16:23:05","valor_nuevo":""},"updated_at":{"valor_original":"2024-05-18 16:23:05","valor_nuevo":""}}",insert,tramite,6,"2024-05-18 10:23:05","2024-05-18 10:23:05",1
84,067446,125,"{"folio":{"valor_original":"067446","valor_nuevo":""},"contrato":{"valor_original":"92069","valor_nuevo":""},"unidad":{"valor_original":"RENAULT LOGAN\u00a0\u00a0","valor_nuevo":""},"serie":{"valor_original":"9FB4SR4D7PM4000","valor_nuevo":""},"placas":{"valor_original":"C71BKU","valor_nuevo":""},"tra_tipos_id":{"valor_original":"13","valor_nuevo":""},"ent_municipio_id":{"valor_original":"276","valor_nuevo":""},"cli_directo_id":{"valor_original":"17","valor_nuevo":""},"cli_directo_ejecutivo_id":{"valor_original":"34","valor_nuevo":""},"empresa_gestora_id":{"valor_original":"18","valor_nuevo":""},"gestor_id":{"valor_original":"35","valor_nuevo":""},"fecha_asignacion":{"valor_original":"2024-05-13 14:00:00","valor_nuevo":""},"tra_status_id":{"valor_original":"11","valor_nuevo":""},"cobro_status_id":{"valor_original":null,"valor_nuevo":""},"observaciones":{"valor_original":"SE RECIBE CORREO 14\/05\/24\r\n","valor_nuevo":""},"status":{"valor_original":"1","valor_nuevo":""},"created_at":{"valor_original":"2024-05-18 16:24:57","valor_nuevo":""},"updated_at":{"valor_original":"2024-05-18 16:24:57","valor_nuevo":""}}",insert,tramite,6,"2024-05-18 10:24:57","2024-05-18 10:24:57",1
85,067505,126,"{"folio":{"valor_original":"067505","valor_nuevo":""},"contrato":{"valor_original":"92073","valor_nuevo":""},"unidad":{"valor_original":"RENAULT LOGAN\u00a0\u00a0\u00a0","valor_nuevo":""},"serie":{"valor_original":"9FB4SR4DXPM3999","valor_nuevo":""},"placas":{"valor_original":"L94BKX","valor_nuevo":""},"tra_tipos_id":{"valor_original":"13","valor_nuevo":""},"ent_municipio_id":{"valor_original":"276","valor_nuevo":""},"cli_directo_id":{"valor_original":"17","valor_nuevo":""},"cli_directo_ejecutivo_id":{"valor_original":"34","valor_nuevo":""},"empresa_gestora_id":{"valor_original":"18","valor_nuevo":""},"gestor_id":{"valor_original":"35","valor_nuevo":""},"fecha_asignacion":{"valor_original":"2024-05-13 13:30:00","valor_nuevo":""},"tra_status_id":{"valor_original":"11","valor_nuevo":""},"cobro_status_id":{"valor_original":null,"valor_nuevo":""},"observaciones":{"valor_original":"SE RECIBE CORREO 14\/05\/24\r\n","valor_nuevo":""},"status":{"valor_original":"1","valor_nuevo":""},"created_at":{"valor_original":"2024-05-18 16:26:07","valor_nuevo":""},"updated_at":{"valor_original":"2024-05-18 16:26:07","valor_nuevo":""}}",insert,tramite,6,"2024-05-18 10:26:07","2024-05-18 10:26:07",1
86,067588,127,"{"folio":{"valor_original":"067588","valor_nuevo":""},"contrato":{"valor_original":"92080","valor_nuevo":""},"unidad":{"valor_original":"RENAULT LOGAN\u00a0","valor_nuevo":""},"serie":{"valor_original":"9FB4SR4D9PM4002","valor_nuevo":""},"placas":{"valor_original":"J05BKX","valor_nuevo":""},"tra_tipos_id":{"valor_original":"13","valor_nuevo":""},"ent_municipio_id":{"valor_original":"276","valor_nuevo":""},"cli_directo_id":{"valor_original":"17","valor_nuevo":""},"cli_directo_ejecutivo_id":{"valor_original":"34","valor_nuevo":""},"empresa_gestora_id":{"valor_original":"18","valor_nuevo":""},"gestor_id":{"valor_original":"35","valor_nuevo":""},"fecha_asignacion":{"valor_original":"2024-05-13 14:00:00","valor_nuevo":""},"tra_status_id":{"valor_original":"11","valor_nuevo":""},"cobro_status_id":{"valor_original":null,"valor_nuevo":""},"observaciones":{"valor_original":"SE RECIBE CORREO 14\/05\/24\r\n","valor_nuevo":""},"status":{"valor_original":"1","valor_nuevo":""},"created_at":{"valor_original":"2024-05-18 16:27:19","valor_nuevo":""},"updated_at":{"valor_original":"2024-05-18 16:27:19","valor_nuevo":""}}",insert,tramite,6,"2024-05-18 10:27:19","2024-05-18 10:27:19",1
87,067648,128,"{"folio":{"valor_original":"067648","valor_nuevo":""},"contrato":{"valor_original":"92072","valor_nuevo":""},"unidad":{"valor_original":"RENAULT LOGAN\u00a0\u00a0\u00a0\u00a0","valor_nuevo":""},"serie":{"valor_original":"9FB4SR4D9PM4000","valor_nuevo":""},"placas":{"valor_original":"K03BKX","valor_nuevo":""},"tra_tipos_id":{"valor_original":"13","valor_nuevo":""},"ent_municipio_id":{"valor_original":"1","valor_nuevo":""},"cli_directo_id":{"valor_original":"17","valor_nuevo":""},"cli_directo_ejecutivo_id":{"valor_original":"34","valor_nuevo":""},"empresa_gestora_id":{"valor_original":"18","valor_nuevo":""},"gestor_id":{"valor_original":"35","valor_nuevo":""},"fecha_asignacion":{"valor_original":"2024-05-13 14:00:00","valor_nuevo":""},"tra_status_id":{"valor_original":"11","valor_nuevo":""},"cobro_status_id":{"valor_original":null,"valor_nuevo":""},"observaciones":{"valor_original":"SE RECIBE CORREO 14\/05\/24\r\n","valor_nuevo":""},"status":{"valor_original":"1","valor_nuevo":""},"created_at":{"valor_original":"2024-05-18 16:28:20","valor_nuevo":""},"updated_at":{"valor_original":"2024-05-18 16:28:20","valor_nuevo":""}}",insert,tramite,6,"2024-05-18 10:28:20","2024-05-18 10:28:20",1
88,067741,129,"{"folio":{"valor_original":"067741","valor_nuevo":""},"contrato":{"valor_original":"92079","valor_nuevo":""},"unidad":{"valor_original":"RENAULT LOGAN\u00a0\u00a0\u00a0","valor_nuevo":""},"serie":{"valor_original":"9FB4SR4DXPM4002","valor_nuevo":""},"placas":{"valor_original":"J69BKX","valor_nuevo":""},"tra_tipos_id":{"valor_original":"13","valor_nuevo":""},"ent_municipio_id":{"valor_original":"276","valor_nuevo":""},"cli_directo_id":{"valor_original":"17","valor_nuevo":""},"cli_directo_ejecutivo_id":{"valor_original":"34","valor_nuevo":""},"empresa_gestora_id":{"valor_original":"18","valor_nuevo":""},"gestor_id":{"valor_original":"35","valor_nuevo":""},"fecha_asignacion":{"valor_original":"2024-05-13 14:00:00","valor_nuevo":""},"tra_status_id":{"valor_original":"11","valor_nuevo":""},"cobro_status_id":{"valor_original":null,"valor_nuevo":""},"observaciones":{"valor_original":"SE RECIBE CORREO 14\/05\/24\r\n","valor_nuevo":""},"status":{"valor_original":"1","valor_nuevo":""},"created_at":{"valor_original":"2024-05-18 16:29:51","valor_nuevo":""},"updated_at":{"valor_original":"2024-05-18 16:29:51","valor_nuevo":""}}",insert,tramite,6,"2024-05-18 10:29:51","2024-05-18 10:29:51",1
89,067799,130,"{"folio":{"valor_original":"067799","valor_nuevo":""},"contrato":{"valor_original":"92085","valor_nuevo":""},"unidad":{"valor_original":"RENAULT LOGAN","valor_nuevo":""},"serie":{"valor_original":"9FB4SR4DXPM3693","valor_nuevo":""},"placas":{"valor_original":"D30BKU","valor_nuevo":""},"tra_tipos_id":{"valor_original":"13","valor_nuevo":""},"ent_municipio_id":{"valor_original":"276","valor_nuevo":""},"cli_directo_id":{"valor_original":"17","valor_nuevo":""},"cli_directo_ejecutivo_id":{"valor_original":"34","valor_nuevo":""},"empresa_gestora_id":{"valor_original":"18","valor_nuevo":""},"gestor_id":{"valor_original":"35","valor_nuevo":""},"fecha_asignacion":{"valor_original":"2024-05-13 14:00:00","valor_nuevo":""},"tra_status_id":{"valor_original":"11","valor_nuevo":""},"cobro_status_id":{"valor_original":null,"valor_nuevo":""},"observaciones":{"valor_original":"SE RECIBE CORREO 14\/05\/24\r\n","valor_nuevo":""},"status":{"valor_original":"1","valor_nuevo":""},"created_at":{"valor_original":"2024-05-18 16:30:51","valor_nuevo":""},"updated_at":{"valor_original":"2024-05-18 16:30:51","valor_nuevo":""}}",insert,tramite,6,"2024-05-18 10:30:51","2024-05-18 10:30:51",1
90,067923,131,"{"folio":{"valor_original":"067923","valor_nuevo":""},"contrato":{"valor_original":"89803","valor_nuevo":""},"unidad":{"valor_original":"KIA RIO","valor_nuevo":""},"serie":{"valor_original":"3KPA24BC0NE4988","valor_nuevo":""},"placas":{"valor_original":"V33BMW","valor_nuevo":""},"tra_tipos_id":{"valor_original":"34","valor_nuevo":""},"ent_municipio_id":{"valor_original":"276","valor_nuevo":""},"cli_directo_id":{"valor_original":"17","valor_nuevo":""},"cli_directo_ejecutivo_id":{"valor_original":"36","valor_nuevo":""},"empresa_gestora_id":{"valor_original":"18","valor_nuevo":""},"gestor_id":{"valor_original":"35","valor_nuevo":""},"fecha_asignacion":{"valor_original":"2024-05-14 14:00:00","valor_nuevo":""},"tra_status_id":{"valor_original":"11","valor_nuevo":""},"cobro_status_id":{"valor_original":null,"valor_nuevo":""},"observaciones":{"valor_original":"SE REALIZA CITA PARA ACLARACION 14\/05\/25\r\n","valor_nuevo":""},"status":{"valor_original":"1","valor_nuevo":""},"created_at":{"valor_original":"2024-05-18 16:33:19","valor_nuevo":""},"updated_at":{"valor_original":"2024-05-18 16:33:19","valor_nuevo":""}}",insert,tramite,6,"2024-05-18 10:33:19","2024-05-18 10:33:19",1
91,068026,132,"{"folio":{"valor_original":"068026","valor_nuevo":""},"contrato":{"valor_original":"58939","valor_nuevo":""},"unidad":{"valor_original":"TOYOTA COROLLA","valor_nuevo":""},"serie":{"valor_original":"5YFBPRHE6JP8473","valor_nuevo":""},"placas":{"valor_original":"S06AWT","valor_nuevo":""},"tra_tipos_id":{"valor_original":"13","valor_nuevo":""},"ent_municipio_id":{"valor_original":"267","valor_nuevo":""},"cli_directo_id":{"valor_original":"17","valor_nuevo":""},"cli_directo_ejecutivo_id":{"valor_original":"34","valor_nuevo":""},"empresa_gestora_id":{"valor_original":"18","valor_nuevo":""},"gestor_id":{"valor_original":"35","valor_nuevo":""},"fecha_asignacion":{"valor_original":"2024-05-14 14:30:00","valor_nuevo":""},"tra_status_id":{"valor_original":"11","valor_nuevo":""},"cobro_status_id":{"valor_original":null,"valor_nuevo":""},"observaciones":{"valor_original":"SE RECIBE CORREO 14\/05\/24\r\n","valor_nuevo":""},"status":{"valor_original":"1","valor_nuevo":""},"created_at":{"valor_original":"2024-05-18 16:35:16","valor_nuevo":""},"updated_at":{"valor_original":"2024-05-18 16:35:16","valor_nuevo":""}}",insert,tramite,6,"2024-05-18 10:35:16","2024-05-18 10:35:16",1
92,068136,133,"{"folio":{"valor_original":"068136","valor_nuevo":""},"contrato":{"valor_original":"78609","valor_nuevo":""},"unidad":{"valor_original":"TOYOTA COROLLA","valor_nuevo":""},"serie":{"valor_original":"5YFBPRBE8MP1809","valor_nuevo":""},"placas":{"valor_original":"L46BHP","valor_nuevo":""},"tra_tipos_id":{"valor_original":"13","valor_nuevo":""},"ent_municipio_id":{"valor_original":"276","valor_nuevo":""},"cli_directo_id":{"valor_original":"17","valor_nuevo":""},"cli_directo_ejecutivo_id":{"valor_original":"34","valor_nuevo":""},"empresa_gestora_id":{"valor_original":"18","valor_nuevo":""},"gestor_id":{"valor_original":"35","valor_nuevo":""},"fecha_asignacion":{"valor_original":"2024-05-14 14:00:00","valor_nuevo":""},"tra_status_id":{"valor_original":"11","valor_nuevo":""},"cobro_status_id":{"valor_original":null,"valor_nuevo":""},"observaciones":{"valor_original":"SE REPORTA QUE SE CUENTA CON TC. VENCIDA \r\n","valor_nuevo":""},"status":{"valor_original":"1","valor_nuevo":""},"created_at":{"valor_original":"2024-05-18 16:37:05","valor_nuevo":""},"updated_at":{"valor_original":"2024-05-18 16:37:05","valor_nuevo":""}}",insert,tramite,6,"2024-05-18 10:37:05","2024-05-18 10:37:05",1
93,068270,134,"{"folio":{"valor_original":"068270","valor_nuevo":""},"contrato":{"valor_original":"78993","valor_nuevo":""},"unidad":{"valor_original":"FORD F-150","valor_nuevo":""},"serie":{"valor_original":"1FTMF1CB9KKE277","valor_nuevo":""},"placas":{"valor_original":"R88BGB","valor_nuevo":""},"tra_tipos_id":{"valor_original":"13","valor_nuevo":""},"ent_municipio_id":{"valor_original":"276","valor_nuevo":""},"cli_directo_id":{"valor_original":"17","valor_nuevo":""},"cli_directo_ejecutivo_id":{"valor_original":"34","valor_nuevo":""},"empresa_gestora_id":{"valor_original":"18","valor_nuevo":""},"gestor_id":{"valor_original":"35","valor_nuevo":""},"fecha_asignacion":{"valor_original":"2024-05-13 14:30:00","valor_nuevo":""},"tra_status_id":{"valor_original":"11","valor_nuevo":""},"cobro_status_id":{"valor_original":null,"valor_nuevo":""},"observaciones":{"valor_original":"SE RECIBE CORREO 14\/05\/24\r\n","valor_nuevo":""},"status":{"valor_original":"1","valor_nuevo":""},"created_at":{"valor_original":"2024-05-18 16:38:50","valor_nuevo":""},"updated_at":{"valor_original":"2024-05-18 16:38:50","valor_nuevo":""}}",insert,tramite,6,"2024-05-18 10:38:50","2024-05-18 10:38:50",1
94,068349,135,"{"folio":{"valor_original":"068349","valor_nuevo":""},"contrato":{"valor_original":"78613","valor_nuevo":""},"unidad":{"valor_original":"TOYOTA COROLLA","valor_nuevo":""},"serie":{"valor_original":"5YFBPRBE6MP2183","valor_nuevo":""},"placas":{"valor_original":"N95BHP","valor_nuevo":""},"tra_tipos_id":{"valor_original":"13","valor_nuevo":""},"ent_municipio_id":{"valor_original":"276","valor_nuevo":""},"cli_directo_id":{"valor_original":"17","valor_nuevo":""},"cli_directo_ejecutivo_id":{"valor_original":"34","valor_nuevo":""},"empresa_gestora_id":{"valor_original":"18","valor_nuevo":""},"gestor_id":{"valor_original":"35","valor_nuevo":""},"fecha_asignacion":{"valor_original":"2024-05-14 14:30:00","valor_nuevo":""},"tra_status_id":{"valor_original":"11","valor_nuevo":""},"cobro_status_id":{"valor_original":null,"valor_nuevo":""},"observaciones":{"valor_original":"SE REPORTA TC. VENCIDA \r\n","valor_nuevo":""},"status":{"valor_original":"1","valor_nuevo":""},"created_at":{"valor_original":"2024-05-18 16:40:08","valor_nuevo":""},"updated_at":{"valor_original":"2024-05-18 16:40:08","valor_nuevo":""}}",insert,tramite,6,"2024-05-18 10:40:08","2024-05-18 10:40:08",1
95,068422,136,"{"folio":{"valor_original":"068422","valor_nuevo":""},"contrato":{"valor_original":"76341","valor_nuevo":""},"unidad":{"valor_original":"FORD FIGO","valor_nuevo":""},"serie":{"valor_original":"MAJHP1P10LA2000","valor_nuevo":""},"placas":{"valor_original":"A11BLZ","valor_nuevo":""},"tra_tipos_id":{"valor_original":"13","valor_nuevo":""},"ent_municipio_id":{"valor_original":"276","valor_nuevo":""},"cli_directo_id":{"valor_original":"17","valor_nuevo":""},"cli_directo_ejecutivo_id":{"valor_original":"34","valor_nuevo":""},"empresa_gestora_id":{"valor_original":"18","valor_nuevo":""},"gestor_id":{"valor_original":"35","valor_nuevo":""},"fecha_asignacion":{"valor_original":"2024-05-14 14:30:00","valor_nuevo":""},"tra_status_id":{"valor_original":"11","valor_nuevo":""},"cobro_status_id":{"valor_original":null,"valor_nuevo":""},"observaciones":{"valor_original":"SE RECIBE CORREO 14\/05\/24\r\n","valor_nuevo":""},"status":{"valor_original":"1","valor_nuevo":""},"created_at":{"valor_original":"2024-05-18 16:41:12","valor_nuevo":""},"updated_at":{"valor_original":"2024-05-18 16:41:12","valor_nuevo":""}}",insert,tramite,6,"2024-05-18 10:41:12","2024-05-18 10:41:12",1
96,068517,137,"{"folio":{"valor_original":"068517","valor_nuevo":""},"contrato":{"valor_original":"94667","valor_nuevo":""},"unidad":{"valor_original":"ASDF123","valor_nuevo":""},"serie":{"valor_original":"9FB4SR4D8PM3693","valor_nuevo":""},"placas":{"valor_original":"JTT5267","valor_nuevo":""},"tra_tipos_id":{"valor_original":"15","valor_nuevo":""},"ent_municipio_id":{"valor_original":"571","valor_nuevo":""},"cli_directo_id":{"valor_original":"17","valor_nuevo":""},"cli_directo_ejecutivo_id":{"valor_original":"35","valor_nuevo":""},"empresa_gestora_id":{"valor_original":"28","valor_nuevo":""},"gestor_id":{"valor_original":null,"valor_nuevo":""},"fecha_asignacion":{"valor_original":"2024-05-15 14:30:00","valor_nuevo":""},"tra_status_id":{"valor_original":"11","valor_nuevo":""},"cobro_status_id":{"valor_original":null,"valor_nuevo":""},"observaciones":{"valor_original":"SE SOLICITA REALIZAR ALTA EN QUERETARO ","valor_nuevo":""},"status":{"valor_original":"1","valor_nuevo":""},"created_at":{"valor_original":"2024-05-18 16:43:55","valor_nuevo":""},"updated_at":{"valor_original":"2024-05-18 16:43:55","valor_nuevo":""}}",insert,tramite,6,"2024-05-18 10:43:55","2024-05-18 10:43:55",1
97,068642,138,"{"folio":{"valor_original":"068642","valor_nuevo":""},"contrato":{"valor_original":"94667","valor_nuevo":""},"unidad":{"valor_original":"RENAULT LOGAN","valor_nuevo":""},"serie":{"valor_original":"9FB4SR4D8PM3693","valor_nuevo":""},"placas":{"valor_original":null,"valor_nuevo":""},"tra_tipos_id":{"valor_original":"10","valor_nuevo":""},"ent_municipio_id":{"valor_original":"1799","valor_nuevo":""},"cli_directo_id":{"valor_original":"17","valor_nuevo":""},"cli_directo_ejecutivo_id":{"valor_original":"35","valor_nuevo":""},"empresa_gestora_id":{"valor_original":"44","valor_nuevo":""},"gestor_id":{"valor_original":null,"valor_nuevo":""},"fecha_asignacion":{"valor_original":"2024-05-15 15:00:00","valor_nuevo":""},"tra_status_id":{"valor_original":"11","valor_nuevo":""},"cobro_status_id":{"valor_original":null,"valor_nuevo":""},"observaciones":{"valor_original":"SE RELACIONA CON REPORTE ","valor_nuevo":""},"status":{"valor_original":"1","valor_nuevo":""},"created_at":{"valor_original":"2024-05-18 16:45:09","valor_nuevo":""},"updated_at":{"valor_original":"2024-05-18 16:45:09","valor_nuevo":""}}",insert,tramite,6,"2024-05-18 10:45:09","2024-05-18 10:45:09",1
98,068517,137,"{"id":{"valor_original":"137","valor_nuevo":""},"folio":{"valor_original":"068517","valor_nuevo":""},"contrato":{"valor_original":"94667","valor_nuevo":""},"unidad":{"valor_original":"ASDF123","valor_nuevo":""},"serie":{"valor_original":"9FB4SR4D8PM3693","valor_nuevo":""},"placas":{"valor_original":"JTT5267","valor_nuevo":""},"tra_tipos_id":{"valor_original":"15","valor_nuevo":""},"ent_municipio_id":{"valor_original":"571","valor_nuevo":""},"cli_directo_id":{"valor_original":"17","valor_nuevo":""},"empresa_gestora_id":{"valor_original":"28","valor_nuevo":""},"fecha_asignacion":{"valor_original":"2024-05-15 14:30:00","valor_nuevo":""},"fecha_conclusion":{"valor_original":null,"valor_nuevo":""},"costo_gestoria":{"valor_original":null,"valor_nuevo":""},"impuesto_gestoria":{"valor_original":null,"valor_nuevo":""},"derechos_tramite":{"valor_original":null,"valor_nuevo":""},"comision_derechos":{"valor_original":null,"valor_nuevo":""},"numero_factura":{"valor_original":null,"valor_nuevo":""},"numero_refactura":{"valor_original":null,"valor_nuevo":""},"costo_total":{"valor_original":null,"valor_nuevo":""},"reembolso_status_id":{"valor_original":null,"valor_nuevo":""},"tra_status_id":{"valor_original":"11","valor_nuevo":""},"cobro_status_id":{"valor_original":null,"valor_nuevo":""},"observaciones":{"valor_original":"SE SOLICITA REALIZAR ALTA EN QUERETARO ","valor_nuevo":"SE SOLICITA REALIZAR ALTA EN QUERETARO \/\/ REPORTE RELACIONADO CON FOLIO 068642"},"user_id":{"valor_original":null,"valor_nuevo":""},"created_at":{"valor_original":"2024-05-18 16:43:55","valor_nuevo":""},"updated_at":{"valor_original":"2024-05-18 16:43:55","valor_nuevo":"2024-05-18 16:45:48"},"status":{"valor_original":"1","valor_nuevo":""}}",update,tramite,6,"2024-05-18 10:45:48","2024-05-18 10:45:48",1
99,068642,138,"{"id":{"valor_original":"138","valor_nuevo":""},"folio":{"valor_original":"068642","valor_nuevo":""},"contrato":{"valor_original":"94667","valor_nuevo":""},"unidad":{"valor_original":"RENAULT LOGAN","valor_nuevo":""},"serie":{"valor_original":"9FB4SR4D8PM3693","valor_nuevo":""},"placas":{"valor_original":null,"valor_nuevo":""},"tra_tipos_id":{"valor_original":"10","valor_nuevo":""},"ent_municipio_id":{"valor_original":"1799","valor_nuevo":""},"cli_directo_id":{"valor_original":"17","valor_nuevo":""},"empresa_gestora_id":{"valor_original":"44","valor_nuevo":""},"fecha_asignacion":{"valor_original":"2024-05-15 15:00:00","valor_nuevo":""},"fecha_conclusion":{"valor_original":null,"valor_nuevo":""},"costo_gestoria":{"valor_original":null,"valor_nuevo":""},"impuesto_gestoria":{"valor_original":null,"valor_nuevo":""},"derechos_tramite":{"valor_original":null,"valor_nuevo":""},"comision_derechos":{"valor_original":null,"valor_nuevo":""},"numero_factura":{"valor_original":null,"valor_nuevo":""},"numero_refactura":{"valor_original":null,"valor_nuevo":""},"costo_total":{"valor_original":null,"valor_nuevo":""},"reembolso_status_id":{"valor_original":null,"valor_nuevo":""},"tra_status_id":{"valor_original":"11","valor_nuevo":""},"cobro_status_id":{"valor_original":null,"valor_nuevo":""},"observaciones":{"valor_original":"SE RELACIONA CON REPORTE ","valor_nuevo":"SE RELACIONA CON REPORTE 068517 \/\/ BAJA EN JALISCO"},"user_id":{"valor_original":null,"valor_nuevo":""},"created_at":{"valor_original":"2024-05-18 16:45:09","valor_nuevo":""},"updated_at":{"valor_original":"2024-05-18 16:45:09","valor_nuevo":"2024-05-18 16:46:12"},"status":{"valor_original":"1","valor_nuevo":""}}",update,tramite,6,"2024-05-18 10:46:12","2024-05-18 10:46:12",1
100,068822,139,"{"folio":{"valor_original":"068822","valor_nuevo":""},"contrato":{"valor_original":"71240","valor_nuevo":""},"unidad":{"valor_original":"KIA NIRO","valor_nuevo":""},"serie":{"valor_original":"KNDCC3LC1L53537","valor_nuevo":""},"placas":{"valor_original":"11F550","valor_nuevo":""},"tra_tipos_id":{"valor_original":"13","valor_nuevo":""},"ent_municipio_id":{"valor_original":"276","valor_nuevo":""},"cli_directo_id":{"valor_original":"17","valor_nuevo":""},"cli_directo_ejecutivo_id":{"valor_original":"34","valor_nuevo":""},"empresa_gestora_id":{"valor_original":"18","valor_nuevo":""},"gestor_id":{"valor_original":"35","valor_nuevo":""},"fecha_asignacion":{"valor_original":"2024-05-15 14:30:00","valor_nuevo":""},"tra_status_id":{"valor_original":"11","valor_nuevo":""},"cobro_status_id":{"valor_original":null,"valor_nuevo":""},"observaciones":{"valor_original":"SE RECIBE CORREO DEL DIA DE HOY 16\/05\/24\r\n \/\/ SE SOLICITA SE GENERE ACTA POR EXTRAVIO DE PLACA","valor_nuevo":""},"status":{"valor_original":"1","valor_nuevo":""},"created_at":{"valor_original":"2024-05-18 16:48:23","valor_nuevo":""},"updated_at":{"valor_original":"2024-05-18 16:48:23","valor_nuevo":""}}",insert,tramite,6,"2024-05-18 10:48:23","2024-05-18 10:48:23",1
101,068934,140,"{"folio":{"valor_original":"068934","valor_nuevo":""},"contrato":{"valor_original":"65570","valor_nuevo":""},"unidad":{"valor_original":"HONDA HR-V","valor_nuevo":""},"serie":{"valor_original":"3HGRU5833KM0049","valor_nuevo":""},"placas":{"valor_original":"W08BAY","valor_nuevo":""},"tra_tipos_id":{"valor_original":"13","valor_nuevo":""},"ent_municipio_id":{"valor_original":"276","valor_nuevo":""},"cli_directo_id":{"valor_original":"17","valor_nuevo":""},"cli_directo_ejecutivo_id":{"valor_original":"34","valor_nuevo":""},"empresa_gestora_id":{"valor_original":"18","valor_nuevo":""},"gestor_id":{"valor_original":"35","valor_nuevo":""},"fecha_asignacion":{"valor_original":"2024-05-15 15:00:00","valor_nuevo":""},"tra_status_id":{"valor_original":"11","valor_nuevo":""},"cobro_status_id":{"valor_original":null,"valor_nuevo":""},"observaciones":{"valor_original":"SE RECIBE CORREO DEL DIA DE HOY 16\/05\/24\r\n SE SOLICITA REALIZAR ACTA POR EXTRAVIO DE PLACA","valor_nuevo":""},"status":{"valor_original":"1","valor_nuevo":""},"created_at":{"valor_original":"2024-05-18 16:50:22","valor_nuevo":""},"updated_at":{"valor_original":"2024-05-18 16:50:22","valor_nuevo":""}}",insert,tramite,6,"2024-05-18 10:50:22","2024-05-18 10:50:22",1
102,069033,141,"{"folio":{"valor_original":"069033","valor_nuevo":""},"contrato":{"valor_original":"74220","valor_nuevo":""},"unidad":{"valor_original":"VOLKSWAGEN T-CROSS","valor_nuevo":""},"serie":{"valor_original":"9BWBL6BF5L40545","valor_nuevo":""},"placas":{"valor_original":"TRU733A","valor_nuevo":""},"tra_tipos_id":{"valor_original":"15","valor_nuevo":""},"ent_municipio_id":{"valor_original":"1684","valor_nuevo":""},"cli_directo_id":{"valor_original":"17","valor_nuevo":""},"cli_directo_ejecutivo_id":{"valor_original":"34","valor_nuevo":""},"empresa_gestora_id":{"valor_original":"18","valor_nuevo":""},"gestor_id":{"valor_original":null,"valor_nuevo":""},"fecha_asignacion":{"valor_original":"2024-05-15 14:30:00","valor_nuevo":""},"tra_status_id":{"valor_original":"11","valor_nuevo":""},"cobro_status_id":{"valor_original":null,"valor_nuevo":""},"observaciones":{"valor_original":"SE RECIBE CORREO DEL DIA DE HOY 16\/05\/24\r\n","valor_nuevo":""},"status":{"valor_original":"1","valor_nuevo":""},"created_at":{"valor_original":"2024-05-18 16:51:36","valor_nuevo":""},"updated_at":{"valor_original":"2024-05-18 16:51:36","valor_nuevo":""}}",insert,tramite,6,"2024-05-18 10:51:36","2024-05-18 10:51:36",1
103,069116,142,"{"folio":{"valor_original":"069116","valor_nuevo":""},"contrato":{"valor_original":"66777","valor_nuevo":""},"unidad":{"valor_original":"KIA NIRO","valor_nuevo":""},"serie":{"valor_original":"KNDCC3LC6K52462","valor_nuevo":""},"placas":{"valor_original":"UMS760E","valor_nuevo":""},"tra_tipos_id":{"valor_original":"15","valor_nuevo":""},"ent_municipio_id":{"valor_original":"1799","valor_nuevo":""},"cli_directo_id":{"valor_original":"17","valor_nuevo":""},"cli_directo_ejecutivo_id":{"valor_original":"34","valor_nuevo":""},"empresa_gestora_id":{"valor_original":"44","valor_nuevo":""},"gestor_id":{"valor_original":null,"valor_nuevo":""},"fecha_asignacion":{"valor_original":"2024-05-15 14:30:00","valor_nuevo":""},"tra_status_id":{"valor_original":"11","valor_nuevo":""},"cobro_status_id":{"valor_original":null,"valor_nuevo":""},"observaciones":{"valor_original":"SE RECIBE CORREO DEL DIA DE HOY 16\/05\/24\r\n","valor_nuevo":""},"status":{"valor_original":"1","valor_nuevo":""},"created_at":{"valor_original":"2024-05-18 16:52:50","valor_nuevo":""},"updated_at":{"valor_original":"2024-05-18 16:52:50","valor_nuevo":""}}",insert,tramite,6,"2024-05-18 10:52:50","2024-05-18 10:52:50",1
104,069185,143,"{"folio":{"valor_original":"069185","valor_nuevo":""},"contrato":{"valor_original":"58977","valor_nuevo":""},"unidad":{"valor_original":"TOYOTA HILUX\u00a0\u00a0\u00a0","valor_nuevo":""},"serie":{"valor_original":"MR0EX8CB2K14034","valor_nuevo":""},"placas":{"valor_original":"C97AYT","valor_nuevo":""},"tra_tipos_id":{"valor_original":"13","valor_nuevo":""},"ent_municipio_id":{"valor_original":"276","valor_nuevo":""},"cli_directo_id":{"valor_original":"17","valor_nuevo":""},"cli_directo_ejecutivo_id":{"valor_original":"34","valor_nuevo":""},"empresa_gestora_id":{"valor_original":"18","valor_nuevo":""},"gestor_id":{"valor_original":"35","valor_nuevo":""},"fecha_asignacion":{"valor_original":"2024-05-16 15:00:00","valor_nuevo":""},"tra_status_id":{"valor_original":"11","valor_nuevo":""},"cobro_status_id":{"valor_original":null,"valor_nuevo":""},"observaciones":{"valor_original":"SE RECIBE CORREO DEL DIA DE HOY 16\/05\/24\r\n","valor_nuevo":""},"status":{"valor_original":"1","valor_nuevo":""},"created_at":{"valor_original":"2024-05-18 16:53:50","valor_nuevo":""},"updated_at":{"valor_original":"2024-05-18 16:53:50","valor_nuevo":""}}",insert,tramite,6,"2024-05-18 10:53:50","2024-05-18 10:53:50",1
105,069238,144,"{"folio":{"valor_original":"069238","valor_nuevo":""},"contrato":{"valor_original":"58979","valor_nuevo":""},"unidad":{"valor_original":"TOYOTA HILUX\u00a0\u00a0","valor_nuevo":""},"serie":{"valor_original":"MR0EX8CB1K14045","valor_nuevo":""},"placas":{"valor_original":"F92BAM","valor_nuevo":""},"tra_tipos_id":{"valor_original":"13","valor_nuevo":""},"ent_municipio_id":{"valor_original":"276","valor_nuevo":""},"cli_directo_id":{"valor_original":"17","valor_nuevo":""},"cli_directo_ejecutivo_id":{"valor_original":"34","valor_nuevo":""},"empresa_gestora_id":{"valor_original":"18","valor_nuevo":""},"gestor_id":{"valor_original":"35","valor_nuevo":""},"fecha_asignacion":{"valor_original":"2024-05-16 15:00:00","valor_nuevo":""},"tra_status_id":{"valor_original":"11","valor_nuevo":""},"cobro_status_id":{"valor_original":null,"valor_nuevo":""},"observaciones":{"valor_original":"SE RECIBE CORREO DEL DIA DE HOY 16\/05\/24\r\n","valor_nuevo":""},"status":{"valor_original":"1","valor_nuevo":""},"created_at":{"valor_original":"2024-05-18 16:54:46","valor_nuevo":""},"updated_at":{"valor_original":"2024-05-18 16:54:46","valor_nuevo":""}}",insert,tramite,6,"2024-05-18 10:54:46","2024-05-18 10:54:46",1
106,069295,145,"{"folio":{"valor_original":"069295","valor_nuevo":""},"contrato":{"valor_original":"92091","valor_nuevo":""},"unidad":{"valor_original":"RENAULT LOGAN\u00a0\u00a0\u00a0\u00a0","valor_nuevo":""},"serie":{"valor_original":"9FB4SR4DXPM3692","valor_nuevo":""},"placas":{"valor_original":"H48BKX","valor_nuevo":""},"tra_tipos_id":{"valor_original":"13","valor_nuevo":""},"ent_municipio_id":{"valor_original":"276","valor_nuevo":""},"cli_directo_id":{"valor_original":"17","valor_nuevo":""},"cli_directo_ejecutivo_id":{"valor_original":"34","valor_nuevo":""},"empresa_gestora_id":{"valor_original":"18","valor_nuevo":""},"gestor_id":{"valor_original":null,"valor_nuevo":""},"fecha_asignacion":{"valor_original":"2024-05-16 14:30:00","valor_nuevo":""},"tra_status_id":{"valor_original":"11","valor_nuevo":""},"cobro_status_id":{"valor_original":null,"valor_nuevo":""},"observaciones":{"valor_original":"SE RECIBE CORREO DEL DIA DE HOY 16\/05\/24\r\n","valor_nuevo":""},"status":{"valor_original":"1","valor_nuevo":""},"created_at":{"valor_original":"2024-05-18 16:56:52","valor_nuevo":""},"updated_at":{"valor_original":"2024-05-18 16:56:52","valor_nuevo":""}}",insert,tramite,6,"2024-05-18 10:56:52","2024-05-18 10:56:52",1
107,069451,146,"{"folio":{"valor_original":"069451","valor_nuevo":""},"contrato":{"valor_original":"64403","valor_nuevo":""},"unidad":{"valor_original":"VOLKSWAGEN VENTO\u00a0","valor_nuevo":""},"serie":{"valor_original":"MEX5H2606KT0348","valor_nuevo":""},"placas":{"valor_original":"Y50AZY","valor_nuevo":""},"tra_tipos_id":{"valor_original":"13","valor_nuevo":""},"ent_municipio_id":{"valor_original":"276","valor_nuevo":""},"cli_directo_id":{"valor_original":"17","valor_nuevo":""},"cli_directo_ejecutivo_id":{"valor_original":"34","valor_nuevo":""},"empresa_gestora_id":{"valor_original":"18","valor_nuevo":""},"gestor_id":{"valor_original":"35","valor_nuevo":""},"fecha_asignacion":{"valor_original":"2024-05-16 14:30:00","valor_nuevo":""},"tra_status_id":{"valor_original":"11","valor_nuevo":""},"cobro_status_id":{"valor_original":null,"valor_nuevo":""},"observaciones":{"valor_original":"SE RECIBE CORREO DEL DIA DE HOY 16\/05\/24\r\n","valor_nuevo":""},"status":{"valor_original":"1","valor_nuevo":""},"created_at":{"valor_original":"2024-05-18 16:58:21","valor_nuevo":""},"updated_at":{"valor_original":"2024-05-18 16:58:21","valor_nuevo":""}}",insert,tramite,6,"2024-05-18 10:58:21","2024-05-18 10:58:21",1
108,069556,147,"{"folio":{"valor_original":"069556","valor_nuevo":""},"contrato":{"valor_original":"92081","valor_nuevo":""},"unidad":{"valor_original":"RENAULT LOGAN\u00a0\u00a0","valor_nuevo":""},"serie":{"valor_original":"9FB4SR4D5PM3691","valor_nuevo":""},"placas":{"valor_original":"H76BKX","valor_nuevo":""},"tra_tipos_id":{"valor_original":"13","valor_nuevo":""},"ent_municipio_id":{"valor_original":"276","valor_nuevo":""},"cli_directo_id":{"valor_original":"17","valor_nuevo":""},"cli_directo_ejecutivo_id":{"valor_original":"34","valor_nuevo":""},"empresa_gestora_id":{"valor_original":"18","valor_nuevo":""},"gestor_id":{"valor_original":"35","valor_nuevo":""},"fecha_asignacion":{"valor_original":"2024-05-16 14:30:00","valor_nuevo":""},"tra_status_id":{"valor_original":"11","valor_nuevo":""},"cobro_status_id":{"valor_original":null,"valor_nuevo":""},"observaciones":{"valor_original":"SE RECIBE CORREO DEL DIA DE HOY 16\/05\/24\r\n","valor_nuevo":""},"status":{"valor_original":"1","valor_nuevo":""},"created_at":{"valor_original":"2024-05-18 17:00:07","valor_nuevo":""},"updated_at":{"valor_original":"2024-05-18 17:00:07","valor_nuevo":""}}",insert,tramite,6,"2024-05-18 11:00:07","2024-05-18 11:00:07",1
109,069618,148,"{"folio":{"valor_original":"069618","valor_nuevo":""},"contrato":{"valor_original":"92082","valor_nuevo":""},"unidad":{"valor_original":"RENAULT LOGAN\u00a0\u00a0\u00a0\u00a0","valor_nuevo":""},"serie":{"valor_original":"9FB4SR4D5PM3691","valor_nuevo":""},"placas":{"valor_original":"H70BKX","valor_nuevo":""},"tra_tipos_id":{"valor_original":"13","valor_nuevo":""},"ent_municipio_id":{"valor_original":"276","valor_nuevo":""},"cli_directo_id":{"valor_original":"17","valor_nuevo":""},"cli_directo_ejecutivo_id":{"valor_original":"34","valor_nuevo":""},"empresa_gestora_id":{"valor_original":"18","valor_nuevo":""},"gestor_id":{"valor_original":"35","valor_nuevo":""},"fecha_asignacion":{"valor_original":"2024-05-16 15:00:00","valor_nuevo":""},"tra_status_id":{"valor_original":"11","valor_nuevo":""},"cobro_status_id":{"valor_original":null,"valor_nuevo":""},"observaciones":{"valor_original":"SE RECIBE CORREO DEL DIA DE HOY 16\/05\/24\r\n","valor_nuevo":""},"status":{"valor_original":"1","valor_nuevo":""},"created_at":{"valor_original":"2024-05-18 17:01:08","valor_nuevo":""},"updated_at":{"valor_original":"2024-05-18 17:01:08","valor_nuevo":""}}",insert,tramite,6,"2024-05-18 11:01:08","2024-05-18 11:01:08",1
110,069686,149,"{"folio":{"valor_original":"069686","valor_nuevo":""},"contrato":{"valor_original":"92087","valor_nuevo":""},"unidad":{"valor_original":"RENAULT LOGAN\u00a0\u00a0\u00a0","valor_nuevo":""},"serie":{"valor_original":"9FB4SR4DXPM3693","valor_nuevo":""},"placas":{"valor_original":"G36BKX","valor_nuevo":""},"tra_tipos_id":{"valor_original":"13","valor_nuevo":""},"ent_municipio_id":{"valor_original":"276","valor_nuevo":""},"cli_directo_id":{"valor_original":"17","valor_nuevo":""},"cli_directo_ejecutivo_id":{"valor_original":"34","valor_nuevo":""},"empresa_gestora_id":{"valor_original":"18","valor_nuevo":""},"gestor_id":{"valor_original":"35","valor_nuevo":""},"fecha_asignacion":{"valor_original":"2024-05-16 15:30:00","valor_nuevo":""},"tra_status_id":{"valor_original":"11","valor_nuevo":""},"cobro_status_id":{"valor_original":null,"valor_nuevo":""},"observaciones":{"valor_original":"SE RECIBE CORREO DEL DIA DE HOY 16\/05\/24\r\n","valor_nuevo":""},"status":{"valor_original":"1","valor_nuevo":""},"created_at":{"valor_original":"2024-05-18 17:02:18","valor_nuevo":""},"updated_at":{"valor_original":"2024-05-18 17:02:18","valor_nuevo":""}}",insert,tramite,6,"2024-05-18 11:02:18","2024-05-18 11:02:18",1
111,069761,150,"{"folio":{"valor_original":"069761","valor_nuevo":""},"contrato":{"valor_original":"92036","valor_nuevo":""},"unidad":{"valor_original":"RENAULT LOGAN\u00a0\u00a0","valor_nuevo":""},"serie":{"valor_original":"9FB4SR4D3PM3690","valor_nuevo":""},"placas":{"valor_original":"C65BKU","valor_nuevo":""},"tra_tipos_id":{"valor_original":"13","valor_nuevo":""},"ent_municipio_id":{"valor_original":"276","valor_nuevo":""},"cli_directo_id":{"valor_original":"17","valor_nuevo":""},"cli_directo_ejecutivo_id":{"valor_original":"34","valor_nuevo":""},"empresa_gestora_id":{"valor_original":"18","valor_nuevo":""},"gestor_id":{"valor_original":"35","valor_nuevo":""},"fecha_asignacion":{"valor_original":"2024-05-16 15:30:00","valor_nuevo":""},"tra_status_id":{"valor_original":"11","valor_nuevo":""},"cobro_status_id":{"valor_original":null,"valor_nuevo":""},"observaciones":{"valor_original":"SE RECIBE CORREO DEL DIA DE HOY 16\/05\/24\r\n","valor_nuevo":""},"status":{"valor_original":"1","valor_nuevo":""},"created_at":{"valor_original":"2024-05-18 17:03:58","valor_nuevo":""},"updated_at":{"valor_original":"2024-05-18 17:03:58","valor_nuevo":""}}",insert,tramite,6,"2024-05-18 11:03:58","2024-05-18 11:03:58",1
112,069847,151,"{"folio":{"valor_original":"069847","valor_nuevo":""},"contrato":{"valor_original":"98233","valor_nuevo":""},"unidad":{"valor_original":"KIA RIO","valor_nuevo":""},"serie":{"valor_original":"3KPA24BC8LE3263","valor_nuevo":""},"placas":{"valor_original":"UMS368E","valor_nuevo":""},"tra_tipos_id":{"valor_original":"15","valor_nuevo":""},"ent_municipio_id":{"valor_original":"1","valor_nuevo":""},"cli_directo_id":{"valor_original":"17","valor_nuevo":""},"cli_directo_ejecutivo_id":{"valor_original":"34","valor_nuevo":""},"empresa_gestora_id":{"valor_original":"44","valor_nuevo":""},"gestor_id":{"valor_original":null,"valor_nuevo":""},"fecha_asignacion":{"valor_original":"2024-05-16 15:30:00","valor_nuevo":""},"tra_status_id":{"valor_original":"11","valor_nuevo":""},"cobro_status_id":{"valor_original":null,"valor_nuevo":""},"observaciones":{"valor_original":"SE RECIBE CORREO DEL DIA DE HOY 16\/05\/24\r\n","valor_nuevo":""},"status":{"valor_original":"1","valor_nuevo":""},"created_at":{"valor_original":"2024-05-18 17:04:48","valor_nuevo":""},"updated_at":{"valor_original":"2024-05-18 17:04:48","valor_nuevo":""}}",insert,tramite,6,"2024-05-18 11:04:48","2024-05-18 11:04:48",1
113,069898,152,"{"folio":{"valor_original":"069898","valor_nuevo":""},"contrato":{"valor_original":"64240","valor_nuevo":""},"unidad":{"valor_original":"TOYOTA HILUX\u00a0","valor_nuevo":""},"serie":{"valor_original":"MR0EX8DD8K02608","valor_nuevo":""},"placas":{"valor_original":"A21BAA","valor_nuevo":""},"tra_tipos_id":{"valor_original":"13","valor_nuevo":""},"ent_municipio_id":{"valor_original":"276","valor_nuevo":""},"cli_directo_id":{"valor_original":"17","valor_nuevo":""},"cli_directo_ejecutivo_id":{"valor_original":"34","valor_nuevo":""},"empresa_gestora_id":{"valor_original":"18","valor_nuevo":""},"gestor_id":{"valor_original":"35","valor_nuevo":""},"fecha_asignacion":{"valor_original":"2024-05-16 15:30:00","valor_nuevo":""},"tra_status_id":{"valor_original":"11","valor_nuevo":""},"cobro_status_id":{"valor_original":null,"valor_nuevo":""},"observaciones":{"valor_original":"SE RECIBE CORREO DEL DIA DE HOY 16\/05\/24\r\n","valor_nuevo":""},"status":{"valor_original":"1","valor_nuevo":""},"created_at":{"valor_original":"2024-05-18 17:05:52","valor_nuevo":""},"updated_at":{"valor_original":"2024-05-18 17:05:52","valor_nuevo":""}}",insert,tramite,6,"2024-05-18 11:05:52","2024-05-18 11:05:52",1
114,069970,153,"{"folio":{"valor_original":"069970","valor_nuevo":""},"contrato":{"valor_original":"97112","valor_nuevo":""},"unidad":{"valor_original":"CHEVROLET ","valor_nuevo":""},"serie":{"valor_original":"ZG9CP2P1107586","valor_nuevo":""},"placas":{"valor_original":"VS7491B","valor_nuevo":""},"tra_tipos_id":{"valor_original":"37","valor_nuevo":""},"ent_municipio_id":{"valor_original":"2283","valor_nuevo":""},"cli_directo_id":{"valor_original":"17","valor_nuevo":""},"cli_directo_ejecutivo_id":{"valor_original":"35","valor_nuevo":""},"empresa_gestora_id":{"valor_original":"18","valor_nuevo":""},"gestor_id":{"valor_original":null,"valor_nuevo":""},"fecha_asignacion":{"valor_original":"2024-01-26 14:30:00","valor_nuevo":""},"tra_status_id":{"valor_original":"11","valor_nuevo":""},"cobro_status_id":{"valor_original":null,"valor_nuevo":""},"observaciones":{"valor_original":"PENDIENTE POR ALD HASTA QUE AVISEN\r\n","valor_nuevo":""},"status":{"valor_original":"1","valor_nuevo":""},"created_at":{"valor_original":"2024-05-18 17:07:46","valor_nuevo":""},"updated_at":{"valor_original":"2024-05-18 17:07:46","valor_nuevo":""}}",insert,tramite,6,"2024-05-18 11:07:46","2024-05-18 11:07:46",1
115,070075,154,"{"folio":{"valor_original":"070075","valor_nuevo":""},"contrato":{"valor_original":"61144","valor_nuevo":""},"unidad":{"valor_original":"TOYOTA","valor_nuevo":""},"serie":{"valor_original":"0EX8DD0J0259653","valor_nuevo":""},"placas":{"valor_original":"XG6557A","valor_nuevo":""},"tra_tipos_id":{"valor_original":"15","valor_nuevo":""},"ent_municipio_id":{"valor_original":"2131","valor_nuevo":""},"cli_directo_id":{"valor_original":"17","valor_nuevo":""},"cli_directo_ejecutivo_id":{"valor_original":"35","valor_nuevo":""},"empresa_gestora_id":{"valor_original":"60","valor_nuevo":""},"gestor_id":{"valor_original":null,"valor_nuevo":""},"fecha_asignacion":{"valor_original":"2024-02-08 15:00:00","valor_nuevo":""},"tra_status_id":{"valor_original":"11","valor_nuevo":""},"cobro_status_id":{"valor_original":null,"valor_nuevo":""},"observaciones":{"valor_original":"SE RECIBEN DOC. ORIG (validaci\u00f3n por l\u00ednea err\u00f3nea)\r\n \/\/ SE REALIZA PAGO DE TENENCIA 2024","valor_nuevo":""},"status":{"valor_original":"1","valor_nuevo":""},"created_at":{"valor_original":"2024-05-18 17:09:38","valor_nuevo":""},"updated_at":{"valor_original":"2024-05-18 17:09:38","valor_nuevo":""}}",insert,tramite,6,"2024-05-18 11:09:38","2024-05-18 11:09:38",1
116,070189,155,"{"folio":{"valor_original":"070189","valor_nuevo":""},"contrato":{"valor_original":"61144","valor_nuevo":""},"unidad":{"valor_original":"TOYOTA","valor_nuevo":""},"serie":{"valor_original":"0EX8DD0J0259653","valor_nuevo":""},"placas":{"valor_original":"XG6557A","valor_nuevo":""},"tra_tipos_id":{"valor_original":"19","valor_nuevo":""},"ent_municipio_id":{"valor_original":"2083","valor_nuevo":""},"cli_directo_id":{"valor_original":"17","valor_nuevo":""},"cli_directo_ejecutivo_id":{"valor_original":"35","valor_nuevo":""},"empresa_gestora_id":{"valor_original":"60","valor_nuevo":""},"gestor_id":{"valor_original":null,"valor_nuevo":""},"fecha_asignacion":{"valor_original":"2024-02-08 15:00:00","valor_nuevo":""},"tra_status_id":{"valor_original":"11","valor_nuevo":""},"cobro_status_id":{"valor_original":null,"valor_nuevo":""},"observaciones":{"valor_original":"TRAMITE CONCLUIDO","valor_nuevo":""},"status":{"valor_original":"1","valor_nuevo":""},"created_at":{"valor_original":"2024-05-18 17:11:10","valor_nuevo":""},"updated_at":{"valor_original":"2024-05-18 17:11:10","valor_nuevo":""}}",insert,tramite,6,"2024-05-18 11:11:10","2024-05-18 11:11:10",1
117,070320,156,"{"folio":{"valor_original":"070320","valor_nuevo":""},"contrato":{"valor_original":"74154","valor_nuevo":""},"unidad":{"valor_original":"HONDA","valor_nuevo":""},"serie":{"valor_original":"FC2643LE601650","valor_nuevo":""},"placas":{"valor_original":"N38BFZ","valor_nuevo":""},"tra_tipos_id":{"valor_original":"13","valor_nuevo":""},"ent_municipio_id":{"valor_original":"276","valor_nuevo":""},"cli_directo_id":{"valor_original":"17","valor_nuevo":""},"cli_directo_ejecutivo_id":{"valor_original":"34","valor_nuevo":""},"empresa_gestora_id":{"valor_original":"18","valor_nuevo":""},"gestor_id":{"valor_original":"35","valor_nuevo":""},"fecha_asignacion":{"valor_original":"2024-02-15 15:00:00","valor_nuevo":""},"tra_status_id":{"valor_original":"11","valor_nuevo":""},"cobro_status_id":{"valor_original":null,"valor_nuevo":""},"observaciones":{"valor_original":"NO ESTA EN EL PADRON VEHICULAR\r\n \/\/ CITA PARA EL DIA 10-4-24 A LAS 12:10 \/\/ se realiza pago de tenencia de la unidad\r\n","valor_nuevo":""},"status":{"valor_original":"1","valor_nuevo":""},"created_at":{"valor_original":"2024-05-18 17:13:26","valor_nuevo":""},"updated_at":{"valor_original":"2024-05-18 17:13:26","valor_nuevo":""}}",insert,tramite,6,"2024-05-18 11:13:26","2024-05-18 11:13:26",1
118,073136,157,"{"folio":{"valor_original":"073136","valor_nuevo":""},"contrato":{"valor_original":"10594","valor_nuevo":""},"unidad":{"valor_original":"CHEVROLET","valor_nuevo":""},"serie":{"valor_original":"MLMGN2RF119208","valor_nuevo":""},"placas":{"valor_original":null,"valor_nuevo":""},"tra_tipos_id":{"valor_original":"10","valor_nuevo":""},"ent_municipio_id":{"valor_original":"367","valor_nuevo":""},"cli_directo_id":{"valor_original":"18","valor_nuevo":""},"cli_directo_ejecutivo_id":{"valor_original":"37","valor_nuevo":""},"empresa_gestora_id":{"valor_original":"26","valor_nuevo":""},"gestor_id":{"valor_original":null,"valor_nuevo":""},"fecha_asignacion":{"valor_original":"2024-04-04 15:30:00","valor_nuevo":""},"tra_status_id":{"valor_original":"11","valor_nuevo":""},"cobro_status_id":{"valor_original":null,"valor_nuevo":""},"observaciones":{"valor_original":" NO HAY LAMINAS PARA PLACAS, SE INFORMA A CLIENTE\r\n","valor_nuevo":""},"status":{"valor_original":"1","valor_nuevo":""},"created_at":{"valor_original":"2024-05-18 18:01:10","valor_nuevo":""},"updated_at":{"valor_original":"2024-05-18 18:01:10","valor_nuevo":""}}",insert,tramite,6,"2024-05-18 12:01:10","2024-05-18 12:01:10",1
119,073356,158,"{"folio":{"valor_original":"073356","valor_nuevo":""},"contrato":{"valor_original":"10593","valor_nuevo":""},"unidad":{"valor_original":"CHEVROLET","valor_nuevo":""},"serie":{"valor_original":"LZWMLMGN6RF1192","valor_nuevo":""},"placas":{"valor_original":null,"valor_nuevo":""},"tra_tipos_id":{"valor_original":"10","valor_nuevo":""},"ent_municipio_id":{"valor_original":"367","valor_nuevo":""},"cli_directo_id":{"valor_original":"18","valor_nuevo":""},"cli_directo_ejecutivo_id":{"valor_original":"37","valor_nuevo":""},"empresa_gestora_id":{"valor_original":"26","valor_nuevo":""},"gestor_id":{"valor_original":null,"valor_nuevo":""},"fecha_asignacion":{"valor_original":"2024-04-04 16:00:00","valor_nuevo":""},"tra_status_id":{"valor_original":"11","valor_nuevo":""},"cobro_status_id":{"valor_original":null,"valor_nuevo":""},"observaciones":{"valor_original":" NO HAY LAMINAS PARA PLACAS  \/\/ SE INFORMA A CLIENTE\r\n","valor_nuevo":""},"status":{"valor_original":"1","valor_nuevo":""},"created_at":{"valor_original":"2024-05-18 18:04:02","valor_nuevo":""},"updated_at":{"valor_original":"2024-05-18 18:04:02","valor_nuevo":""}}",insert,tramite,6,"2024-05-18 12:04:02","2024-05-18 12:04:02",1
120,073455,159,"{"folio":{"valor_original":"073455","valor_nuevo":""},"contrato":{"valor_original":"10639","valor_nuevo":""},"unidad":{"valor_original":"MAZDA","valor_nuevo":""},"serie":{"valor_original":"JM3KFACL4R04220","valor_nuevo":""},"placas":{"valor_original":"S84BPC","valor_nuevo":""},"tra_tipos_id":{"valor_original":"45","valor_nuevo":""},"ent_municipio_id":{"valor_original":"266","valor_nuevo":""},"cli_directo_id":{"valor_original":"18","valor_nuevo":""},"cli_directo_ejecutivo_id":{"valor_original":"38","valor_nuevo":""},"empresa_gestora_id":{"valor_original":"18","valor_nuevo":""},"gestor_id":{"valor_original":"35","valor_nuevo":""},"fecha_asignacion":{"valor_original":"2024-04-29 16:00:00","valor_nuevo":""},"tra_status_id":{"valor_original":"11","valor_nuevo":""},"cobro_status_id":{"valor_original":null,"valor_nuevo":""},"observaciones":{"valor_original":" PENDIENTE DE VERIFICACION \r\n \/\/ NO SE HA REALIZADO POR CONTINGENCIA ","valor_nuevo":""},"status":{"valor_original":"1","valor_nuevo":""},"created_at":{"valor_original":"2024-05-18 18:06:05","valor_nuevo":""},"updated_at":{"valor_original":"2024-05-18 18:06:05","valor_nuevo":""}}",insert,tramite,6,"2024-05-18 12:06:05","2024-05-18 12:06:05",1
121,073575,160,"{"folio":{"valor_original":"073575","valor_nuevo":""},"contrato":{"valor_original":"10623","valor_nuevo":""},"unidad":{"valor_original":"MAZDA","valor_nuevo":""},"serie":{"valor_original":"JM1BPCML6R17152","valor_nuevo":""},"placas":{"valor_original":"S52BPC","valor_nuevo":""},"tra_tipos_id":{"valor_original":"45","valor_nuevo":""},"ent_municipio_id":{"valor_original":"1","valor_nuevo":""},"cli_directo_id":{"valor_original":"18","valor_nuevo":""},"cli_directo_ejecutivo_id":{"valor_original":"38","valor_nuevo":""},"empresa_gestora_id":{"valor_original":"18","valor_nuevo":""},"gestor_id":{"valor_original":"35","valor_nuevo":""},"fecha_asignacion":{"valor_original":"2024-04-29 16:00:00","valor_nuevo":""},"tra_status_id":{"valor_original":"11","valor_nuevo":""},"cobro_status_id":{"valor_original":null,"valor_nuevo":""},"observaciones":{"valor_original":" PENDIENTE DE VERIFICACION \r\n \/\/ POR CONTINGENCIA ","valor_nuevo":""},"status":{"valor_original":"1","valor_nuevo":""},"created_at":{"valor_original":"2024-05-18 18:07:20","valor_nuevo":""},"updated_at":{"valor_original":"2024-05-18 18:07:20","valor_nuevo":""}}",insert,tramite,6,"2024-05-18 12:07:20","2024-05-18 12:07:20",1
122,073650,161,"{"folio":{"valor_original":"073650","valor_nuevo":""},"contrato":{"valor_original":"10689","valor_nuevo":""},"unidad":{"valor_original":"KIA SELTOS ","valor_nuevo":""},"serie":{"valor_original":"D5AA196R0131158","valor_nuevo":""},"placas":{"valor_original":"J46BPE","valor_nuevo":""},"tra_tipos_id":{"valor_original":"45","valor_nuevo":""},"ent_municipio_id":{"valor_original":"266","valor_nuevo":""},"cli_directo_id":{"valor_original":"18","valor_nuevo":""},"cli_directo_ejecutivo_id":{"valor_original":"38","valor_nuevo":""},"empresa_gestora_id":{"valor_original":"18","valor_nuevo":""},"gestor_id":{"valor_original":"35","valor_nuevo":""},"fecha_asignacion":{"valor_original":"2024-04-29 16:00:00","valor_nuevo":""},"tra_status_id":{"valor_original":"11","valor_nuevo":""},"cobro_status_id":{"valor_original":null,"valor_nuevo":""},"observaciones":{"valor_original":" PENDIENTE DE VERIFICACION \r\n\/\/ NO SE REALIZA POR CONTINGENCIA","valor_nuevo":""},"status":{"valor_original":"1","valor_nuevo":""},"created_at":{"valor_original":"2024-05-18 18:08:45","valor_nuevo":""},"updated_at":{"valor_original":"2024-05-18 18:08:45","valor_nuevo":""}}",insert,tramite,6,"2024-05-18 12:08:45","2024-05-18 12:08:45",1
123,073877,162,"{"folio":{"valor_original":"073877","valor_nuevo":""},"contrato":{"valor_original":"7572","valor_nuevo":""},"unidad":{"valor_original":"BYD ","valor_nuevo":""},"serie":{"valor_original":"C74C47S0011002","valor_nuevo":""},"placas":{"valor_original":null,"valor_nuevo":""},"tra_tipos_id":{"valor_original":"9","valor_nuevo":""},"ent_municipio_id":{"valor_original":"266","valor_nuevo":""},"cli_directo_id":{"valor_original":"20","valor_nuevo":""},"cli_directo_ejecutivo_id":{"valor_original":null,"valor_nuevo":""},"empresa_gestora_id":{"valor_original":"18","valor_nuevo":""},"gestor_id":{"valor_original":"35","valor_nuevo":""},"fecha_asignacion":{"valor_original":"2024-05-09 16:30:00","valor_nuevo":""},"tra_status_id":{"valor_original":"11","valor_nuevo":""},"cobro_status_id":{"valor_original":null,"valor_nuevo":""},"observaciones":{"valor_original":null,"valor_nuevo":""},"status":{"valor_original":"1","valor_nuevo":""},"created_at":{"valor_original":"2024-05-18 18:12:32","valor_nuevo":""},"updated_at":{"valor_original":"2024-05-18 18:12:32","valor_nuevo":""}}",insert,tramite,6,"2024-05-18 12:12:32","2024-05-18 12:12:32",1
124,074003,163,"{"folio":{"valor_original":"074003","valor_nuevo":""},"contrato":{"valor_original":"7572","valor_nuevo":""},"unidad":{"valor_original":"BYD ","valor_nuevo":""},"serie":{"valor_original":"C74C47S0011002","valor_nuevo":""},"placas":{"valor_original":null,"valor_nuevo":""},"tra_tipos_id":{"valor_original":"45","valor_nuevo":""},"ent_municipio_id":{"valor_original":"266","valor_nuevo":""},"cli_directo_id":{"valor_original":"20","valor_nuevo":""},"cli_directo_ejecutivo_id":{"valor_original":null,"valor_nuevo":""},"empresa_gestora_id":{"valor_original":"18","valor_nuevo":""},"gestor_id":{"valor_original":"35","valor_nuevo":""},"fecha_asignacion":{"valor_original":"2024-05-14 16:00:00","valor_nuevo":""},"tra_status_id":{"valor_original":"20","valor_nuevo":""},"cobro_status_id":{"valor_original":null,"valor_nuevo":""},"observaciones":{"valor_original":" SE RECIBE HOY 9\/05\/24 PARA DAR INICIO AL TRAMITE  \r\n","valor_nuevo":""},"status":{"valor_original":"1","valor_nuevo":""},"created_at":{"valor_original":"2024-05-18 18:14:26","valor_nuevo":""},"updated_at":{"valor_original":"2024-05-18 18:14:26","valor_nuevo":""}}",insert,tramite,6,"2024-05-18 12:14:26","2024-05-18 12:14:26",1
125,074222,164,"{"folio":{"valor_original":"074222","valor_nuevo":""},"contrato":{"valor_original":"10701","valor_nuevo":""},"unidad":{"valor_original":"CHEVROLET AVEO SEDAN","valor_nuevo":""},"serie":{"valor_original":"WPRMGN6RF984064","valor_nuevo":""},"placas":{"valor_original":null,"valor_nuevo":""},"tra_tipos_id":{"valor_original":"8","valor_nuevo":""},"ent_municipio_id":{"valor_original":"1965","valor_nuevo":""},"cli_directo_id":{"valor_original":"18","valor_nuevo":""},"cli_directo_ejecutivo_id":{"valor_original":null,"valor_nuevo":""},"empresa_gestora_id":{"valor_original":"55","valor_nuevo":""},"gestor_id":{"valor_original":null,"valor_nuevo":""},"fecha_asignacion":{"valor_original":"2024-05-09 16:00:00","valor_nuevo":""},"tra_status_id":{"valor_original":"11","valor_nuevo":""},"cobro_status_id":{"valor_original":null,"valor_nuevo":""},"observaciones":{"valor_original":null,"valor_nuevo":""},"status":{"valor_original":"1","valor_nuevo":""},"created_at":{"valor_original":"2024-05-18 18:18:22","valor_nuevo":""},"updated_at":{"valor_original":"2024-05-18 18:18:22","valor_nuevo":""}}",insert,tramite,6,"2024-05-18 12:18:22","2024-05-18 12:18:22",1
126,074309,165,"{"folio":{"valor_original":"074309","valor_nuevo":""},"contrato":{"valor_original":"10706","valor_nuevo":""},"unidad":{"valor_original":"BMW","valor_nuevo":""},"serie":{"valor_original":"A15DP01RN256194","valor_nuevo":""},"placas":{"valor_original":"M38BPE","valor_nuevo":""},"tra_tipos_id":{"valor_original":"45","valor_nuevo":""},"ent_municipio_id":{"valor_original":"266","valor_nuevo":""},"cli_directo_id":{"valor_original":"19","valor_nuevo":""},"cli_directo_ejecutivo_id":{"valor_original":null,"valor_nuevo":""},"empresa_gestora_id":{"valor_original":"18","valor_nuevo":""},"gestor_id":{"valor_original":"35","valor_nuevo":""},"fecha_asignacion":{"valor_original":"2024-05-02 16:00:00","valor_nuevo":""},"tra_status_id":{"valor_original":"11","valor_nuevo":""},"cobro_status_id":{"valor_original":null,"valor_nuevo":""},"observaciones":{"valor_original":null,"valor_nuevo":""},"status":{"valor_original":"1","valor_nuevo":""},"created_at":{"valor_original":"2024-05-18 18:19:21","valor_nuevo":""},"updated_at":{"valor_original":"2024-05-18 18:19:21","valor_nuevo":""}}",insert,tramite,6,"2024-05-18 12:19:21","2024-05-18 12:19:21",1
127,221895,166,"{"folio":{"valor_original":"221895","valor_nuevo":""},"contrato":{"valor_original":"7566","valor_nuevo":""},"unidad":{"valor_original":"ASDF123","valor_nuevo":""},"serie":{"valor_original":"1HGCY2682RA9002","valor_nuevo":""},"placas":{"valor_original":"85F676","valor_nuevo":""},"tra_tipos_id":{"valor_original":"45","valor_nuevo":""},"ent_municipio_id":{"valor_original":"266","valor_nuevo":""},"cli_directo_id":{"valor_original":"20","valor_nuevo":""},"cli_directo_ejecutivo_id":{"valor_original":"43","valor_nuevo":""},"empresa_gestora_id":{"valor_original":"18","valor_nuevo":""},"gestor_id":{"valor_original":"35","valor_nuevo":""},"fecha_asignacion":{"valor_original":"2024-05-20 10:30:00","valor_nuevo":""},"tra_status_id":{"valor_original":"11","valor_nuevo":""},"cobro_status_id":{"valor_original":null,"valor_nuevo":""},"observaciones":{"valor_original":"ESTE SERVICIO SE ASIGNA A JUAN GONALES Y RECOGE MANUEL GASTOS DE GESTORIA $ 1160.00","valor_nuevo":""},"status":{"valor_original":"1","valor_nuevo":""},"created_at":{"valor_original":"2024-05-20 11:22:43","valor_nuevo":""},"updated_at":{"valor_original":"2024-05-20 11:22:43","valor_nuevo":""}}",insert,tramite,6,"2024-05-20 05:22:43","2024-05-20 05:22:43",1
128,233723,167,"{"folio":{"valor_original":"233723","valor_nuevo":""},"contrato":{"valor_original":"89841","valor_nuevo":""},"unidad":{"valor_original":"ASDF123","valor_nuevo":""},"serie":{"valor_original":"MVI1234QE242","valor_nuevo":""},"placas":{"valor_original":"45F238","valor_nuevo":""},"tra_tipos_id":{"valor_original":"18","valor_nuevo":""},"ent_municipio_id":{"valor_original":"276","valor_nuevo":""},"cli_directo_id":{"valor_original":"17","valor_nuevo":""},"cli_directo_ejecutivo_id":{"valor_original":"34","valor_nuevo":""},"empresa_gestora_id":{"valor_original":"18","valor_nuevo":""},"gestor_id":{"valor_original":"35","valor_nuevo":""},"fecha_asignacion":{"valor_original":"2024-05-20 13:30:00","valor_nuevo":""},"tra_status_id":{"valor_original":"11","valor_nuevo":""},"cobro_status_id":{"valor_original":null,"valor_nuevo":""},"observaciones":{"valor_original":"SE LE ASIGNA A MANUEL PARA SU INGRESO A GOHET ","valor_nuevo":""},"status":{"valor_original":"1","valor_nuevo":""},"created_at":{"valor_original":"2024-05-20 14:42:43","valor_nuevo":""},"updated_at":{"valor_original":"2024-05-20 14:42:43","valor_nuevo":""}}",insert,tramite,6,"2024-05-20 08:42:43","2024-05-20 08:42:43",1
129,67648,128,"{"folio_tramite":{"valor_original":"67648","valor_nuevo":""},"tramite_id":{"valor_original":"128","valor_nuevo":""},"file":{"valor_original":null,"valor_nuevo":""},"comentario":{"valor_original":"se reciben documentos \/\/ prueba","valor_nuevo":""},"costo":{"valor_original":"150","valor_nuevo":""},"user_id":{"valor_original":"6","valor_nuevo":""},"created_at":{"valor_original":"2024-05-20 16:02:37","valor_nuevo":""},"updated_at":{"valor_original":"2024-05-20 16:02:37","valor_nuevo":""},"status":{"valor_original":"1","valor_nuevo":""}}",insert,evidencia,6,"2024-05-20 10:02:37","2024-05-20 10:02:37",1
130,67648,128,"{"folio_tramite":{"valor_original":"67648","valor_nuevo":""},"tramite_id":{"valor_original":"128","valor_nuevo":""},"file":{"valor_original":null,"valor_nuevo":""},"comentario":{"valor_original":"prueba 2","valor_nuevo":""},"costo":{"valor_original":null,"valor_nuevo":""},"user_id":{"valor_original":"6","valor_nuevo":""},"created_at":{"valor_original":"2024-05-20 16:03:02","valor_nuevo":""},"updated_at":{"valor_original":"2024-05-20 16:03:02","valor_nuevo":""},"status":{"valor_original":"1","valor_nuevo":""}}",insert,evidencia,6,"2024-05-20 10:03:02","2024-05-20 10:03:02",1
131,67648,128,"{"folio_tramite":{"valor_original":"67648","valor_nuevo":""},"tramite_id":{"valor_original":"128","valor_nuevo":""},"file":{"valor_original":null,"valor_nuevo":""},"comentario":{"valor_original":"prueba 3 ","valor_nuevo":""},"costo":{"valor_original":"150","valor_nuevo":""},"user_id":{"valor_original":"6","valor_nuevo":""},"created_at":{"valor_original":"2024-05-20 16:03:26","valor_nuevo":""},"updated_at":{"valor_original":"2024-05-20 16:03:26","valor_nuevo":""},"status":{"valor_original":"1","valor_nuevo":""}}",insert,evidencia,6,"2024-05-20 10:03:26","2024-05-20 10:03:26",1
132,242325,168,"{"folio":{"valor_original":"242325","valor_nuevo":""},"contrato":{"valor_original":"1914-01","valor_nuevo":""},"unidad":{"valor_original":"JEEP","valor_nuevo":""},"serie":{"valor_original":"JJTEG0RL111398","valor_nuevo":""},"placas":{"valor_original":null,"valor_nuevo":""},"tra_tipos_id":{"valor_original":"9","valor_nuevo":""},"ent_municipio_id":{"valor_original":"267","valor_nuevo":""},"cli_directo_id":{"valor_original":"22","valor_nuevo":""},"cli_directo_ejecutivo_id":{"valor_original":"48","valor_nuevo":""},"empresa_gestora_id":{"valor_original":"18","valor_nuevo":""},"gestor_id":{"valor_original":"35","valor_nuevo":""},"fecha_asignacion":{"valor_original":"2024-05-20 16:00:00","valor_nuevo":""},"tra_status_id":{"valor_original":"11","valor_nuevo":""},"cobro_status_id":{"valor_original":null,"valor_nuevo":""},"observaciones":{"valor_original":"SE SOLICITA COTIZACION CON MANUEL ROLDAN \/\/ CITA 21\/05\/2024 A LAS 12:00 DEL DIA ","valor_nuevo":""},"status":{"valor_original":"1","valor_nuevo":""},"created_at":{"valor_original":"2024-05-20 17:00:12","valor_nuevo":""},"updated_at":{"valor_original":"2024-05-20 17:00:12","valor_nuevo":""}}",insert,tramite,6,"2024-05-20 11:00:12","2024-05-20 11:00:12",1
133,322773,169,"{"folio":{"valor_original":"322773","valor_nuevo":""},"contrato":{"valor_original":null,"valor_nuevo":""},"unidad":{"valor_original":"CHEVROLET","valor_nuevo":""},"serie":{"valor_original":"GHD52H0LD074379","valor_nuevo":""},"placas":{"valor_original":"TST673A","valor_nuevo":""},"tra_tipos_id":{"valor_original":"15","valor_nuevo":""},"ent_municipio_id":{"valor_original":"1684","valor_nuevo":""},"cli_directo_id":{"valor_original":"26","valor_nuevo":""},"cli_directo_ejecutivo_id":{"valor_original":null,"valor_nuevo":""},"empresa_gestora_id":{"valor_original":"18","valor_nuevo":""},"gestor_id":{"valor_original":null,"valor_nuevo":""},"fecha_asignacion":{"valor_original":null,"valor_nuevo":""},"tra_status_id":{"valor_original":"20","valor_nuevo":""},"cobro_status_id":{"valor_original":null,"valor_nuevo":""},"observaciones":{"valor_original":"SE CONCLUYE EL 21\/05\/2024","valor_nuevo":""},"status":{"valor_original":"1","valor_nuevo":""},"created_at":{"valor_original":"2024-05-21 15:24:42","valor_nuevo":""},"updated_at":{"valor_original":"2024-05-21 15:24:42","valor_nuevo":""}}",insert,tramite,7,"2024-05-21 09:24:42","2024-05-21 09:24:42",1
134,322773,169,"{"id":{"valor_original":"169","valor_nuevo":""},"folio":{"valor_original":"322773","valor_nuevo":""},"contrato":{"valor_original":null,"valor_nuevo":""},"unidad":{"valor_original":"CHEVROLET","valor_nuevo":""},"serie":{"valor_original":"GHD52H0LD074379","valor_nuevo":""},"placas":{"valor_original":"TST673A","valor_nuevo":""},"tra_tipos_id":{"valor_original":"15","valor_nuevo":""},"ent_municipio_id":{"valor_original":"1684","valor_nuevo":""},"cli_directo_id":{"valor_original":"26","valor_nuevo":""},"empresa_gestora_id":{"valor_original":"18","valor_nuevo":""},"fecha_asignacion":{"valor_original":null,"valor_nuevo":""},"fecha_conclusion":{"valor_original":null,"valor_nuevo":""},"costo_gestoria":{"valor_original":null,"valor_nuevo":""},"impuesto_gestoria":{"valor_original":null,"valor_nuevo":""},"derechos_tramite":{"valor_original":null,"valor_nuevo":""},"comision_derechos":{"valor_original":null,"valor_nuevo":""},"numero_factura":{"valor_original":null,"valor_nuevo":""},"numero_refactura":{"valor_original":null,"valor_nuevo":""},"costo_total":{"valor_original":null,"valor_nuevo":""},"reembolso_status_id":{"valor_original":null,"valor_nuevo":""},"tra_status_id":{"valor_original":"20","valor_nuevo":""},"cobro_status_id":{"valor_original":null,"valor_nuevo":""},"observaciones":{"valor_original":"SE CONCLUYE EL 21\/05\/2024","valor_nuevo":""},"user_id":{"valor_original":null,"valor_nuevo":""},"created_at":{"valor_original":"2024-05-21 15:24:42","valor_nuevo":""},"updated_at":{"valor_original":"2024-05-21 15:24:42","valor_nuevo":"2024-05-21 15:26:38"},"status":{"valor_original":"1","valor_nuevo":""}}",update,tramite,7,"2024-05-21 09:26:38","2024-05-21 09:26:38",1
135,322773,169,"{"id":{"valor_original":"169","valor_nuevo":""},"folio":{"valor_original":"322773","valor_nuevo":""},"contrato":{"valor_original":null,"valor_nuevo":""},"unidad":{"valor_original":"CHEVROLET","valor_nuevo":""},"serie":{"valor_original":"GHD52H0LD074379","valor_nuevo":""},"placas":{"valor_original":"TST673A","valor_nuevo":""},"tra_tipos_id":{"valor_original":"15","valor_nuevo":""},"ent_municipio_id":{"valor_original":"1684","valor_nuevo":""},"cli_directo_id":{"valor_original":"26","valor_nuevo":""},"empresa_gestora_id":{"valor_original":"18","valor_nuevo":""},"fecha_asignacion":{"valor_original":null,"valor_nuevo":"2024-05-16 11:00:00"},"fecha_conclusion":{"valor_original":null,"valor_nuevo":""},"costo_gestoria":{"valor_original":null,"valor_nuevo":""},"impuesto_gestoria":{"valor_original":null,"valor_nuevo":""},"derechos_tramite":{"valor_original":null,"valor_nuevo":""},"comision_derechos":{"valor_original":null,"valor_nuevo":""},"numero_factura":{"valor_original":null,"valor_nuevo":""},"numero_refactura":{"valor_original":null,"valor_nuevo":""},"costo_total":{"valor_original":null,"valor_nuevo":""},"reembolso_status_id":{"valor_original":null,"valor_nuevo":""},"tra_status_id":{"valor_original":"20","valor_nuevo":""},"cobro_status_id":{"valor_original":null,"valor_nuevo":""},"observaciones":{"valor_original":"SE CONCLUYE EL 21\/05\/2024","valor_nuevo":""},"user_id":{"valor_original":null,"valor_nuevo":""},"created_at":{"valor_original":"2024-05-21 15:24:42","valor_nuevo":""},"updated_at":{"valor_original":"2024-05-21 15:26:38","valor_nuevo":"2024-05-21 16:49:23"},"status":{"valor_original":"1","valor_nuevo":""}}",update,tramite,7,"2024-05-21 10:49:23","2024-05-21 10:49:23",1
136,328171,170,"{"folio":{"valor_original":"328171","valor_nuevo":""},"contrato":{"valor_original":null,"valor_nuevo":""},"unidad":{"valor_original":"CHEVROLET","valor_nuevo":""},"serie":{"valor_original":"GHD52HXLD153588","valor_nuevo":""},"placas":{"valor_original":"TST769A","valor_nuevo":""},"tra_tipos_id":{"valor_original":"15","valor_nuevo":""},"ent_municipio_id":{"valor_original":"1684","valor_nuevo":""},"cli_directo_id":{"valor_original":"26","valor_nuevo":""},"cli_directo_ejecutivo_id":{"valor_original":"50","valor_nuevo":""},"empresa_gestora_id":{"valor_original":"18","valor_nuevo":""},"gestor_id":{"valor_original":"61","valor_nuevo":""},"fecha_asignacion":{"valor_original":"2024-05-06 11:00:00","valor_nuevo":""},"tra_status_id":{"valor_original":"20","valor_nuevo":""},"cobro_status_id":{"valor_original":null,"valor_nuevo":""},"observaciones":{"valor_original":"se concluyo 08\/05\/2024","valor_nuevo":""},"status":{"valor_original":"1","valor_nuevo":""},"created_at":{"valor_original":"2024-05-21 16:52:53","valor_nuevo":""},"updated_at":{"valor_original":"2024-05-21 16:52:53","valor_nuevo":""}}",insert,tramite,7,"2024-05-21 10:52:53","2024-05-21 10:52:53",1
137,328379,171,"{"folio":{"valor_original":"328379","valor_nuevo":""},"contrato":{"valor_original":null,"valor_nuevo":""},"unidad":{"valor_original":"CHEVROLET","valor_nuevo":""},"serie":{"valor_original":"GHD52H7LD191229","valor_nuevo":""},"placas":{"valor_original":"TST668A","valor_nuevo":""},"tra_tipos_id":{"valor_original":"15","valor_nuevo":""},"ent_municipio_id":{"valor_original":"1684","valor_nuevo":""},"cli_directo_id":{"valor_original":"26","valor_nuevo":""},"cli_directo_ejecutivo_id":{"valor_original":"50","valor_nuevo":""},"empresa_gestora_id":{"valor_original":"18","valor_nuevo":""},"gestor_id":{"valor_original":"61","valor_nuevo":""},"fecha_asignacion":{"valor_original":"2024-05-06 11:00:00","valor_nuevo":""},"tra_status_id":{"valor_original":"20","valor_nuevo":""},"cobro_status_id":{"valor_original":null,"valor_nuevo":""},"observaciones":{"valor_original":"SE CONCLUYO EL 08\/05\/2024","valor_nuevo":""},"status":{"valor_original":"1","valor_nuevo":""},"created_at":{"valor_original":"2024-05-21 16:54:56","valor_nuevo":""},"updated_at":{"valor_original":"2024-05-21 16:54:56","valor_nuevo":""}}",insert,tramite,7,"2024-05-21 10:54:56","2024-05-21 10:54:56",1
138,328613,172,"{"folio":{"valor_original":"328613","valor_nuevo":""},"contrato":{"valor_original":null,"valor_nuevo":""},"unidad":{"valor_original":"VENTO","valor_nuevo":""},"serie":{"valor_original":"X5J2608MT148267","valor_nuevo":""},"placas":{"valor_original":"XWE529B","valor_nuevo":""},"tra_tipos_id":{"valor_original":"33","valor_nuevo":""},"ent_municipio_id":{"valor_original":"2071","valor_nuevo":""},"cli_directo_id":{"valor_original":"23","valor_nuevo":""},"cli_directo_ejecutivo_id":{"valor_original":null,"valor_nuevo":""},"empresa_gestora_id":{"valor_original":"18","valor_nuevo":""},"gestor_id":{"valor_original":"61","valor_nuevo":""},"fecha_asignacion":{"valor_original":"2024-05-06 13:00:00","valor_nuevo":""},"tra_status_id":{"valor_original":"20","valor_nuevo":""},"cobro_status_id":{"valor_original":null,"valor_nuevo":""},"observaciones":{"valor_original":"SE REALIZO PAGO DE TENENCIA EN ESPERA DE ENTREGAR ORIGINALES","valor_nuevo":""},"status":{"valor_original":"1","valor_nuevo":""},"created_at":{"valor_original":"2024-05-21 16:59:47","valor_nuevo":""},"updated_at":{"valor_original":"2024-05-21 16:59:47","valor_nuevo":""}}",insert,tramite,7,"2024-05-21 10:59:47","2024-05-21 10:59:47",1
139,329728,173,"{"folio":{"valor_original":"329728","valor_nuevo":""},"contrato":{"valor_original":null,"valor_nuevo":""},"unidad":{"valor_original":"AVEO","valor_nuevo":""},"serie":{"valor_original":"GHD52H4ND038715","valor_nuevo":""},"placas":{"valor_original":"XWB210B","valor_nuevo":""},"tra_tipos_id":{"valor_original":"33","valor_nuevo":""},"ent_municipio_id":{"valor_original":"2071","valor_nuevo":""},"cli_directo_id":{"valor_original":"23","valor_nuevo":""},"cli_directo_ejecutivo_id":{"valor_original":null,"valor_nuevo":""},"empresa_gestora_id":{"valor_original":"18","valor_nuevo":""},"gestor_id":{"valor_original":"61","valor_nuevo":""},"fecha_asignacion":{"valor_original":"2024-05-06 12:00:00","valor_nuevo":""},"tra_status_id":{"valor_original":"20","valor_nuevo":""},"cobro_status_id":{"valor_original":null,"valor_nuevo":""},"observaciones":{"valor_original":"SE REALIZO PAGO DE LA TENANCIA EN ESPERA DE ENTREGAR ORIGINALES","valor_nuevo":""},"status":{"valor_original":"1","valor_nuevo":""},"created_at":{"valor_original":"2024-05-21 17:17:37","valor_nuevo":""},"updated_at":{"valor_original":"2024-05-21 17:17:37","valor_nuevo":""}}",insert,tramite,7,"2024-05-21 11:17:37","2024-05-21 11:17:37",1
140,328613,172,"{"id":{"valor_original":"172","valor_nuevo":""},"folio":{"valor_original":"328613","valor_nuevo":""},"contrato":{"valor_original":null,"valor_nuevo":""},"unidad":{"valor_original":"VENTO","valor_nuevo":""},"serie":{"valor_original":"X5J2608MT148267","valor_nuevo":""},"placas":{"valor_original":"XWE529B","valor_nuevo":""},"tra_tipos_id":{"valor_original":"33","valor_nuevo":""},"ent_municipio_id":{"valor_original":"2071","valor_nuevo":""},"cli_directo_id":{"valor_original":"23","valor_nuevo":""},"empresa_gestora_id":{"valor_original":"18","valor_nuevo":""},"fecha_asignacion":{"valor_original":"2024-05-06 13:00:00","valor_nuevo":""},"fecha_conclusion":{"valor_original":null,"valor_nuevo":""},"costo_gestoria":{"valor_original":null,"valor_nuevo":""},"impuesto_gestoria":{"valor_original":null,"valor_nuevo":""},"derechos_tramite":{"valor_original":null,"valor_nuevo":""},"comision_derechos":{"valor_original":null,"valor_nuevo":""},"numero_factura":{"valor_original":null,"valor_nuevo":""},"numero_refactura":{"valor_original":null,"valor_nuevo":""},"costo_total":{"valor_original":null,"valor_nuevo":""},"reembolso_status_id":{"valor_original":null,"valor_nuevo":""},"tra_status_id":{"valor_original":"20","valor_nuevo":""},"cobro_status_id":{"valor_original":null,"valor_nuevo":""},"observaciones":{"valor_original":"SE REALIZO PAGO DE TENENCIA EN ESPERA DE ENTREGAR ORIGINALES","valor_nuevo":""},"user_id":{"valor_original":null,"valor_nuevo":""},"created_at":{"valor_original":"2024-05-21 16:59:47","valor_nuevo":""},"updated_at":{"valor_original":"2024-05-21 16:59:47","valor_nuevo":"2024-05-21 17:19:22"},"status":{"valor_original":"1","valor_nuevo":""}}",update,tramite,7,"2024-05-21 11:19:22","2024-05-21 11:19:22",1
141,329728,173,"{"id":{"valor_original":"173","valor_nuevo":""},"folio":{"valor_original":"329728","valor_nuevo":""},"contrato":{"valor_original":null,"valor_nuevo":""},"unidad":{"valor_original":"AVEO","valor_nuevo":""},"serie":{"valor_original":"GHD52H4ND038715","valor_nuevo":""},"placas":{"valor_original":"XWB210B","valor_nuevo":""},"tra_tipos_id":{"valor_original":"33","valor_nuevo":""},"ent_municipio_id":{"valor_original":"2071","valor_nuevo":""},"cli_directo_id":{"valor_original":"23","valor_nuevo":""},"empresa_gestora_id":{"valor_original":"18","valor_nuevo":""},"fecha_asignacion":{"valor_original":"2024-05-06 12:00:00","valor_nuevo":""},"fecha_conclusion":{"valor_original":null,"valor_nuevo":""},"costo_gestoria":{"valor_original":null,"valor_nuevo":""},"impuesto_gestoria":{"valor_original":null,"valor_nuevo":""},"derechos_tramite":{"valor_original":null,"valor_nuevo":""},"comision_derechos":{"valor_original":null,"valor_nuevo":""},"numero_factura":{"valor_original":null,"valor_nuevo":""},"numero_refactura":{"valor_original":null,"valor_nuevo":""},"costo_total":{"valor_original":null,"valor_nuevo":""},"reembolso_status_id":{"valor_original":null,"valor_nuevo":""},"tra_status_id":{"valor_original":"20","valor_nuevo":""},"cobro_status_id":{"valor_original":null,"valor_nuevo":""},"observaciones":{"valor_original":"SE REALIZO PAGO DE LA TENANCIA EN ESPERA DE ENTREGAR ORIGINALES","valor_nuevo":""},"user_id":{"valor_original":null,"valor_nuevo":""},"created_at":{"valor_original":"2024-05-21 17:17:37","valor_nuevo":""},"updated_at":{"valor_original":"2024-05-21 17:17:37","valor_nuevo":"2024-05-21 17:19:36"},"status":{"valor_original":"1","valor_nuevo":""}}",update,tramite,7,"2024-05-21 11:19:36","2024-05-21 11:19:36",1
142,329986,174,"{"folio":{"valor_original":"329986","valor_nuevo":""},"contrato":{"valor_original":null,"valor_nuevo":""},"unidad":{"valor_original":"AVEO","valor_nuevo":""},"serie":{"valor_original":"GHD52H4ND038911","valor_nuevo":""},"placas":{"valor_original":"XWB211B","valor_nuevo":""},"tra_tipos_id":{"valor_original":"33","valor_nuevo":""},"ent_municipio_id":{"valor_original":"2071","valor_nuevo":""},"cli_directo_id":{"valor_original":"23","valor_nuevo":""},"cli_directo_ejecutivo_id":{"valor_original":"51","valor_nuevo":""},"empresa_gestora_id":{"valor_original":"18","valor_nuevo":""},"gestor_id":{"valor_original":"61","valor_nuevo":""},"fecha_asignacion":{"valor_original":"2024-05-06 11:30:00","valor_nuevo":""},"tra_status_id":{"valor_original":"20","valor_nuevo":""},"cobro_status_id":{"valor_original":null,"valor_nuevo":""},"observaciones":{"valor_original":"SE CONCLUYE EN ESPERA DE ENTREGAR LOS ORIGINALES","valor_nuevo":""},"status":{"valor_original":"1","valor_nuevo":""},"created_at":{"valor_original":"2024-05-21 17:22:15","valor_nuevo":""},"updated_at":{"valor_original":"2024-05-21 17:22:15","valor_nuevo":""}}",insert,tramite,7,"2024-05-21 11:22:15","2024-05-21 11:22:15",1
143,330662,175,"{"folio":{"valor_original":"330662","valor_nuevo":""},"contrato":{"valor_original":null,"valor_nuevo":""},"unidad":{"valor_original":"AVEO","valor_nuevo":""},"serie":{"valor_original":"GHD52H6ND038585","valor_nuevo":""},"placas":{"valor_original":"XWB212B","valor_nuevo":""},"tra_tipos_id":{"valor_original":"33","valor_nuevo":""},"ent_municipio_id":{"valor_original":"2071","valor_nuevo":""},"cli_directo_id":{"valor_original":"23","valor_nuevo":""},"cli_directo_ejecutivo_id":{"valor_original":"51","valor_nuevo":""},"empresa_gestora_id":{"valor_original":"18","valor_nuevo":""},"gestor_id":{"valor_original":"61","valor_nuevo":""},"fecha_asignacion":{"valor_original":"2024-05-06 12:00:00","valor_nuevo":""},"tra_status_id":{"valor_original":"20","valor_nuevo":""},"cobro_status_id":{"valor_original":null,"valor_nuevo":""},"observaciones":{"valor_original":"SE CONCLEYE EN ESPERA DE ENTREGAR ORIGINALES","valor_nuevo":""},"status":{"valor_original":"1","valor_nuevo":""},"created_at":{"valor_original":"2024-05-21 17:33:51","valor_nuevo":""},"updated_at":{"valor_original":"2024-05-21 17:33:51","valor_nuevo":""}}",insert,tramite,7,"2024-05-21 11:33:51","2024-05-21 11:33:51",1
144,330851,176,"{"folio":{"valor_original":"330851","valor_nuevo":""},"contrato":{"valor_original":null,"valor_nuevo":""},"unidad":{"valor_original":"VENTO","valor_nuevo":""},"serie":{"valor_original":"X5J2609MT153395","valor_nuevo":""},"placas":{"valor_original":"XVG586B","valor_nuevo":""},"tra_tipos_id":{"valor_original":"33","valor_nuevo":""},"ent_municipio_id":{"valor_original":"2071","valor_nuevo":""},"cli_directo_id":{"valor_original":"23","valor_nuevo":""},"cli_directo_ejecutivo_id":{"valor_original":"51","valor_nuevo":""},"empresa_gestora_id":{"valor_original":"18","valor_nuevo":""},"gestor_id":{"valor_original":"61","valor_nuevo":""},"fecha_asignacion":{"valor_original":"2024-05-06 12:00:00","valor_nuevo":""},"tra_status_id":{"valor_original":"20","valor_nuevo":""},"cobro_status_id":{"valor_original":null,"valor_nuevo":""},"observaciones":{"valor_original":"SE CONCLUYR PAGO EN ESPERA DE ENTREGAR ORIGINALES","valor_nuevo":""},"status":{"valor_original":"1","valor_nuevo":""},"created_at":{"valor_original":"2024-05-21 17:37:39","valor_nuevo":""},"updated_at":{"valor_original":"2024-05-21 17:37:39","valor_nuevo":""}}",insert,tramite,7,"2024-05-21 11:37:39","2024-05-21 11:37:39",1
145,331289,177,"{"folio":{"valor_original":"331289","valor_nuevo":""},"contrato":{"valor_original":null,"valor_nuevo":""},"unidad":{"valor_original":"AVEO","valor_nuevo":""},"serie":{"valor_original":"GHD52H5ND037850","valor_nuevo":""},"placas":{"valor_original":"XWB213B","valor_nuevo":""},"tra_tipos_id":{"valor_original":"33","valor_nuevo":""},"ent_municipio_id":{"valor_original":"2071","valor_nuevo":""},"cli_directo_id":{"valor_original":"23","valor_nuevo":""},"cli_directo_ejecutivo_id":{"valor_original":"51","valor_nuevo":""},"empresa_gestora_id":{"valor_original":"18","valor_nuevo":""},"gestor_id":{"valor_original":"61","valor_nuevo":""},"fecha_asignacion":{"valor_original":"2024-05-06 12:00:00","valor_nuevo":""},"tra_status_id":{"valor_original":"20","valor_nuevo":""},"cobro_status_id":{"valor_original":null,"valor_nuevo":""},"observaciones":{"valor_original":"SE CONCLUYE EN ESPERA DE ENTREGAR ORIGINALES","valor_nuevo":""},"status":{"valor_original":"1","valor_nuevo":""},"created_at":{"valor_original":"2024-05-21 17:43:13","valor_nuevo":""},"updated_at":{"valor_original":"2024-05-21 17:43:13","valor_nuevo":""}}",insert,tramite,7,"2024-05-21 11:43:13","2024-05-21 11:43:13",1
146,331401,178,"{"folio":{"valor_original":"331401","valor_nuevo":""},"contrato":{"valor_original":null,"valor_nuevo":""},"unidad":{"valor_original":"AVEO","valor_nuevo":""},"serie":{"valor_original":"GHD52H5ND037864","valor_nuevo":""},"placas":{"valor_original":"XWB215B","valor_nuevo":""},"tra_tipos_id":{"valor_original":"33","valor_nuevo":""},"ent_municipio_id":{"valor_original":"2071","valor_nuevo":""},"cli_directo_id":{"valor_original":"23","valor_nuevo":""},"cli_directo_ejecutivo_id":{"valor_original":"51","valor_nuevo":""},"empresa_gestora_id":{"valor_original":"18","valor_nuevo":""},"gestor_id":{"valor_original":"61","valor_nuevo":""},"fecha_asignacion":{"valor_original":"2024-05-06 11:00:00","valor_nuevo":""},"tra_status_id":{"valor_original":"20","valor_nuevo":""},"cobro_status_id":{"valor_original":null,"valor_nuevo":""},"observaciones":{"valor_original":"SE CONCLUYE EN ESPERA DE ENTREGAR ORIGINALES","valor_nuevo":""},"status":{"valor_original":"1","valor_nuevo":""},"created_at":{"valor_original":"2024-05-21 17:45:09","valor_nuevo":""},"updated_at":{"valor_original":"2024-05-21 17:45:09","valor_nuevo":""}}",insert,tramite,7,"2024-05-21 11:45:09","2024-05-21 11:45:09",1
147,331523,179,"{"folio":{"valor_original":"331523","valor_nuevo":""},"contrato":{"valor_original":null,"valor_nuevo":""},"unidad":{"valor_original":"AVEO","valor_nuevo":""},"serie":{"valor_original":"GHD52H5ND039467","valor_nuevo":""},"placas":{"valor_original":"XWE527B","valor_nuevo":""},"tra_tipos_id":{"valor_original":"33","valor_nuevo":""},"ent_municipio_id":{"valor_original":"2071","valor_nuevo":""},"cli_directo_id":{"valor_original":"23","valor_nuevo":""},"cli_directo_ejecutivo_id":{"valor_original":"51","valor_nuevo":""},"empresa_gestora_id":{"valor_original":"18","valor_nuevo":""},"gestor_id":{"valor_original":"61","valor_nuevo":""},"fecha_asignacion":{"valor_original":"2024-05-06 11:00:00","valor_nuevo":""},"tra_status_id":{"valor_original":"20","valor_nuevo":""},"cobro_status_id":{"valor_original":null,"valor_nuevo":""},"observaciones":{"valor_original":"SE CONCLUYE EN ESPERA DE ENTREGAR ORIGINALES","valor_nuevo":""},"status":{"valor_original":"1","valor_nuevo":""},"created_at":{"valor_original":"2024-05-21 17:49:45","valor_nuevo":""},"updated_at":{"valor_original":"2024-05-21 17:49:45","valor_nuevo":""}}",insert,tramite,7,"2024-05-21 11:49:45","2024-05-21 11:49:45",1
148,332047,180,"{"folio":{"valor_original":"332047","valor_nuevo":""},"contrato":{"valor_original":null,"valor_nuevo":""},"unidad":{"valor_original":"AVEO","valor_nuevo":""},"serie":{"valor_original":"GHD52H7ND039504","valor_nuevo":""},"placas":{"valor_original":"XWE528B","valor_nuevo":""},"tra_tipos_id":{"valor_original":"33","valor_nuevo":""},"ent_municipio_id":{"valor_original":"2071","valor_nuevo":""},"cli_directo_id":{"valor_original":"23","valor_nuevo":""},"cli_directo_ejecutivo_id":{"valor_original":"51","valor_nuevo":""},"empresa_gestora_id":{"valor_original":"18","valor_nuevo":""},"gestor_id":{"valor_original":"61","valor_nuevo":""},"fecha_asignacion":{"valor_original":"2024-05-06 11:00:00","valor_nuevo":""},"tra_status_id":{"valor_original":"20","valor_nuevo":""},"cobro_status_id":{"valor_original":null,"valor_nuevo":""},"observaciones":{"valor_original":"SE CONCLUYE EN ESPERA DE ENTREGAR ORIGINALES","valor_nuevo":""},"status":{"valor_original":"1","valor_nuevo":""},"created_at":{"valor_original":"2024-05-21 17:59:44","valor_nuevo":""},"updated_at":{"valor_original":"2024-05-21 17:59:44","valor_nuevo":""}}",insert,tramite,7,"2024-05-21 11:59:44","2024-05-21 11:59:44",1
149,332419,181,"{"folio":{"valor_original":"332419","valor_nuevo":""},"contrato":{"valor_original":null,"valor_nuevo":""},"unidad":{"valor_original":"AVEO","valor_nuevo":""},"serie":{"valor_original":"GHD52H3ND076288","valor_nuevo":""},"placas":{"valor_original":"XXB526B","valor_nuevo":""},"tra_tipos_id":{"valor_original":"33","valor_nuevo":""},"ent_municipio_id":{"valor_original":"2071","valor_nuevo":""},"cli_directo_id":{"valor_original":"23","valor_nuevo":""},"cli_directo_ejecutivo_id":{"valor_original":"51","valor_nuevo":""},"empresa_gestora_id":{"valor_original":"18","valor_nuevo":""},"gestor_id":{"valor_original":"61","valor_nuevo":""},"fecha_asignacion":{"valor_original":"2024-05-06 12:30:00","valor_nuevo":""},"tra_status_id":{"valor_original":"20","valor_nuevo":""},"cobro_status_id":{"valor_original":null,"valor_nuevo":""},"observaciones":{"valor_original":"SE CONCLUYE EN ESPERA DE ENTREGAR ORIGINALES","valor_nuevo":""},"status":{"valor_original":"1","valor_nuevo":""},"created_at":{"valor_original":"2024-05-21 18:09:57","valor_nuevo":""},"updated_at":{"valor_original":"2024-05-21 18:09:57","valor_nuevo":""}}",insert,tramite,7,"2024-05-21 12:09:57","2024-05-21 12:09:57",1
150,333003,182,"{"folio":{"valor_original":"333003","valor_nuevo":""},"contrato":{"valor_original":null,"valor_nuevo":""},"unidad":{"valor_original":"AVEO","valor_nuevo":""},"serie":{"valor_original":"GHD52H1ND081165","valor_nuevo":""},"placas":{"valor_original":"XXB527B","valor_nuevo":""},"tra_tipos_id":{"valor_original":"33","valor_nuevo":""},"ent_municipio_id":{"valor_original":"2071","valor_nuevo":""},"cli_directo_id":{"valor_original":"23","valor_nuevo":""},"cli_directo_ejecutivo_id":{"valor_original":"51","valor_nuevo":""},"empresa_gestora_id":{"valor_original":"18","valor_nuevo":""},"gestor_id":{"valor_original":"61","valor_nuevo":""},"fecha_asignacion":{"valor_original":"2024-05-06 11:30:00","valor_nuevo":""},"tra_status_id":{"valor_original":"20","valor_nuevo":""},"cobro_status_id":{"valor_original":null,"valor_nuevo":""},"observaciones":{"valor_original":"SE CONCLUYE EN ESPERA DE ENTREEGAR ORIGINALES","valor_nuevo":""},"status":{"valor_original":"1","valor_nuevo":""},"created_at":{"valor_original":"2024-05-21 18:12:24","valor_nuevo":""},"updated_at":{"valor_original":"2024-05-21 18:12:24","valor_nuevo":""}}",insert,tramite,7,"2024-05-21 12:12:24","2024-05-21 12:12:24",1
151,333157,183,"{"folio":{"valor_original":"333157","valor_nuevo":""},"contrato":{"valor_original":null,"valor_nuevo":""},"unidad":{"valor_original":"AVEO","valor_nuevo":""},"serie":{"valor_original":"GHD52N8PD039711","valor_nuevo":""},"placas":{"valor_original":"XTD058C","valor_nuevo":""},"tra_tipos_id":{"valor_original":"33","valor_nuevo":""},"ent_municipio_id":{"valor_original":"2071","valor_nuevo":""},"cli_directo_id":{"valor_original":"23","valor_nuevo":""},"cli_directo_ejecutivo_id":{"valor_original":"51","valor_nuevo":""},"empresa_gestora_id":{"valor_original":"18","valor_nuevo":""},"gestor_id":{"valor_original":"61","valor_nuevo":""},"fecha_asignacion":{"valor_original":"2024-05-06 12:30:00","valor_nuevo":""},"tra_status_id":{"valor_original":"20","valor_nuevo":""},"cobro_status_id":{"valor_original":null,"valor_nuevo":""},"observaciones":{"valor_original":"SE CONCLUYE EN ESPERA DE ENTREGAR ORIGINALES","valor_nuevo":""},"status":{"valor_original":"1","valor_nuevo":""},"created_at":{"valor_original":"2024-05-21 18:14:31","valor_nuevo":""},"updated_at":{"valor_original":"2024-05-21 18:14:31","valor_nuevo":""}}",insert,tramite,7,"2024-05-21 12:14:31","2024-05-21 12:14:31",1
152,334289,184,"{"folio":{"valor_original":"334289","valor_nuevo":""},"contrato":{"valor_original":null,"valor_nuevo":""},"unidad":{"valor_original":"AVEO","valor_nuevo":""},"serie":{"valor_original":"GHD52HXPD046465","valor_nuevo":""},"placas":{"valor_original":"XTD057C","valor_nuevo":""},"tra_tipos_id":{"valor_original":"33","valor_nuevo":""},"ent_municipio_id":{"valor_original":"2071","valor_nuevo":""},"cli_directo_id":{"valor_original":"23","valor_nuevo":""},"cli_directo_ejecutivo_id":{"valor_original":"51","valor_nuevo":""},"empresa_gestora_id":{"valor_original":"18","valor_nuevo":""},"gestor_id":{"valor_original":"61","valor_nuevo":""},"fecha_asignacion":{"valor_original":"2024-05-06 12:00:00","valor_nuevo":""},"tra_status_id":{"valor_original":"20","valor_nuevo":""},"cobro_status_id":{"valor_original":null,"valor_nuevo":""},"observaciones":{"valor_original":"SE CONCLUYE EN ESPERA DE ENTREGAR ORIGINALES","valor_nuevo":""},"status":{"valor_original":"1","valor_nuevo":""},"created_at":{"valor_original":"2024-05-21 18:33:57","valor_nuevo":""},"updated_at":{"valor_original":"2024-05-21 18:33:57","valor_nuevo":""}}",insert,tramite,7,"2024-05-21 12:33:57","2024-05-21 12:33:57",1
153,334444,185,"{"folio":{"valor_original":"334444","valor_nuevo":""},"contrato":{"valor_original":null,"valor_nuevo":""},"unidad":{"valor_original":"NP 300","valor_nuevo":""},"serie":{"valor_original":"6AD35A2LK880401","valor_nuevo":""},"placas":{"valor_original":"XD4298A","valor_nuevo":""},"tra_tipos_id":{"valor_original":"33","valor_nuevo":""},"ent_municipio_id":{"valor_original":"2071","valor_nuevo":""},"cli_directo_id":{"valor_original":"23","valor_nuevo":""},"cli_directo_ejecutivo_id":{"valor_original":"51","valor_nuevo":""},"empresa_gestora_id":{"valor_original":"18","valor_nuevo":""},"gestor_id":{"valor_original":"61","valor_nuevo":""},"fecha_asignacion":{"valor_original":"2024-05-06 11:30:00","valor_nuevo":""},"tra_status_id":{"valor_original":"20","valor_nuevo":""},"cobro_status_id":{"valor_original":null,"valor_nuevo":""},"observaciones":{"valor_original":"CONCLUIDO EN ESPERA DE ENTREGAR ORIGINALES","valor_nuevo":""},"status":{"valor_original":"1","valor_nuevo":""},"created_at":{"valor_original":"2024-05-21 18:36:28","valor_nuevo":""},"updated_at":{"valor_original":"2024-05-21 18:36:28","valor_nuevo":""}}",insert,tramite,7,"2024-05-21 12:36:28","2024-05-21 12:36:28",1
154,334727,186,"{"folio":{"valor_original":"334727","valor_nuevo":""},"contrato":{"valor_original":null,"valor_nuevo":""},"unidad":{"valor_original":"AVEO","valor_nuevo":""},"serie":{"valor_original":"GHD52H2LD176833","valor_nuevo":""},"placas":{"valor_original":"XVG338B","valor_nuevo":""},"tra_tipos_id":{"valor_original":"33","valor_nuevo":""},"ent_municipio_id":{"valor_original":"2071","valor_nuevo":""},"cli_directo_id":{"valor_original":"23","valor_nuevo":""},"cli_directo_ejecutivo_id":{"valor_original":"51","valor_nuevo":""},"empresa_gestora_id":{"valor_original":"18","valor_nuevo":""},"gestor_id":{"valor_original":"61","valor_nuevo":""},"fecha_asignacion":{"valor_original":"2024-05-06 13:30:00","valor_nuevo":""},"tra_status_id":{"valor_original":"20","valor_nuevo":""},"cobro_status_id":{"valor_original":null,"valor_nuevo":""},"observaciones":{"valor_original":"CONCLUIDO EN ESPERA DE ENTREGAR ORIGINALES","valor_nuevo":""},"status":{"valor_original":"1","valor_nuevo":""},"created_at":{"valor_original":"2024-05-21 18:40:20","valor_nuevo":""},"updated_at":{"valor_original":"2024-05-21 18:40:20","valor_nuevo":""}}",insert,tramite,7,"2024-05-21 12:40:20","2024-05-21 12:40:20",1
155,334823,187,"{"folio":{"valor_original":"334823","valor_nuevo":""},"contrato":{"valor_original":null,"valor_nuevo":""},"unidad":{"valor_original":"AVEO","valor_nuevo":""},"serie":{"valor_original":"GHD52H4LD087619","valor_nuevo":""},"placas":{"valor_original":"XVG332B","valor_nuevo":""},"tra_tipos_id":{"valor_original":"33","valor_nuevo":""},"ent_municipio_id":{"valor_original":"2071","valor_nuevo":""},"cli_directo_id":{"valor_original":"23","valor_nuevo":""},"cli_directo_ejecutivo_id":{"valor_original":"51","valor_nuevo":""},"empresa_gestora_id":{"valor_original":"18","valor_nuevo":""},"gestor_id":{"valor_original":"61","valor_nuevo":""},"fecha_asignacion":{"valor_original":"2024-05-06 13:30:00","valor_nuevo":""},"tra_status_id":{"valor_original":"20","valor_nuevo":""},"cobro_status_id":{"valor_original":null,"valor_nuevo":""},"observaciones":{"valor_original":"CONCLUIDO EN ESPERA DE ENTREGAR ORIGINALES","valor_nuevo":""},"status":{"valor_original":"1","valor_nuevo":""},"created_at":{"valor_original":"2024-05-21 18:42:21","valor_nuevo":""},"updated_at":{"valor_original":"2024-05-21 18:42:21","valor_nuevo":""}}",insert,tramite,7,"2024-05-21 12:42:21","2024-05-21 12:42:21",1
156,334943,188,"{"folio":{"valor_original":"334943","valor_nuevo":""},"contrato":{"valor_original":null,"valor_nuevo":""},"unidad":{"valor_original":"AVEO","valor_nuevo":""},"serie":{"valor_original":"GHD52H1MD039206","valor_nuevo":""},"placas":{"valor_original":"XVG339B","valor_nuevo":""},"tra_tipos_id":{"valor_original":"33","valor_nuevo":""},"ent_municipio_id":{"valor_original":"2071","valor_nuevo":""},"cli_directo_id":{"valor_original":"23","valor_nuevo":""},"cli_directo_ejecutivo_id":{"valor_original":"51","valor_nuevo":""},"empresa_gestora_id":{"valor_original":"18","valor_nuevo":""},"gestor_id":{"valor_original":"61","valor_nuevo":""},"fecha_asignacion":{"valor_original":"2024-05-06 14:00:00","valor_nuevo":""},"tra_status_id":{"valor_original":"20","valor_nuevo":""},"cobro_status_id":{"valor_original":null,"valor_nuevo":""},"observaciones":{"valor_original":"CONCLUIDO EN ESPERA DE ENTREGAR LOS ORIGINALES","valor_nuevo":""},"status":{"valor_original":"1","valor_nuevo":""},"created_at":{"valor_original":"2024-05-21 18:43:52","valor_nuevo":""},"updated_at":{"valor_original":"2024-05-21 18:43:52","valor_nuevo":""}}",insert,tramite,7,"2024-05-21 12:43:52","2024-05-21 12:43:52",1
157,335155,189,"{"folio":{"valor_original":"335155","valor_nuevo":""},"contrato":{"valor_original":null,"valor_nuevo":""},"unidad":{"valor_original":"AVEO","valor_nuevo":""},"serie":{"valor_original":"GHD52HXMD074374","valor_nuevo":""},"placas":{"valor_original":"XVG394B","valor_nuevo":""},"tra_tipos_id":{"valor_original":"33","valor_nuevo":""},"ent_municipio_id":{"valor_original":"2071","valor_nuevo":""},"cli_directo_id":{"valor_original":"23","valor_nuevo":""},"cli_directo_ejecutivo_id":{"valor_original":"51","valor_nuevo":""},"empresa_gestora_id":{"valor_original":"18","valor_nuevo":""},"gestor_id":{"valor_original":"61","valor_nuevo":""},"fecha_asignacion":{"valor_original":"2024-05-06 12:30:00","valor_nuevo":""},"tra_status_id":{"valor_original":"20","valor_nuevo":""},"cobro_status_id":{"valor_original":null,"valor_nuevo":""},"observaciones":{"valor_original":"CONCLUIDO EN ESPERA DE ENTREGAR ORIGINALES","valor_nuevo":""},"status":{"valor_original":"1","valor_nuevo":""},"created_at":{"valor_original":"2024-05-21 18:47:17","valor_nuevo":""},"updated_at":{"valor_original":"2024-05-21 18:47:17","valor_nuevo":""}}",insert,tramite,7,"2024-05-21 12:47:17","2024-05-21 12:47:17",1
158,335249,190,"{"folio":{"valor_original":"335249","valor_nuevo":""},"contrato":{"valor_original":null,"valor_nuevo":""},"unidad":{"valor_original":"AVEO","valor_nuevo":""},"serie":{"valor_original":"GHD52H9MD125766","valor_nuevo":""},"placas":{"valor_original":"XVG501B","valor_nuevo":""},"tra_tipos_id":{"valor_original":"33","valor_nuevo":""},"ent_municipio_id":{"valor_original":"2071","valor_nuevo":""},"cli_directo_id":{"valor_original":"23","valor_nuevo":""},"cli_directo_ejecutivo_id":{"valor_original":"51","valor_nuevo":""},"empresa_gestora_id":{"valor_original":"18","valor_nuevo":""},"gestor_id":{"valor_original":"61","valor_nuevo":""},"fecha_asignacion":{"valor_original":"2024-05-06 11:30:00","valor_nuevo":""},"tra_status_id":{"valor_original":"20","valor_nuevo":""},"cobro_status_id":{"valor_original":null,"valor_nuevo":""},"observaciones":{"valor_original":"CONCLUIDO EN ESPERA DE ENTREGAR LOS ORIGINALES","valor_nuevo":""},"status":{"valor_original":"1","valor_nuevo":""},"created_at":{"valor_original":"2024-05-21 18:49:12","valor_nuevo":""},"updated_at":{"valor_original":"2024-05-21 18:49:12","valor_nuevo":""}}",insert,tramite,7,"2024-05-21 12:49:12","2024-05-21 12:49:12",1
159,335361,191,"{"folio":{"valor_original":"335361","valor_nuevo":""},"contrato":{"valor_original":null,"valor_nuevo":""},"unidad":{"valor_original":"AVEO","valor_nuevo":""},"serie":{"valor_original":"GHD52H9MD127520","valor_nuevo":""},"placas":{"valor_original":"XVG337B","valor_nuevo":""},"tra_tipos_id":{"valor_original":"33","valor_nuevo":""},"ent_municipio_id":{"valor_original":"2071","valor_nuevo":""},"cli_directo_id":{"valor_original":"23","valor_nuevo":""},"cli_directo_ejecutivo_id":{"valor_original":"51","valor_nuevo":""},"empresa_gestora_id":{"valor_original":"18","valor_nuevo":""},"gestor_id":{"valor_original":"61","valor_nuevo":""},"fecha_asignacion":{"valor_original":"2024-05-06 12:00:00","valor_nuevo":""},"tra_status_id":{"valor_original":"20","valor_nuevo":""},"cobro_status_id":{"valor_original":null,"valor_nuevo":""},"observaciones":{"valor_original":"CONCLUDO EN ESPERA DE ENTREGAR ORIGINALES","valor_nuevo":""},"status":{"valor_original":"1","valor_nuevo":""},"created_at":{"valor_original":"2024-05-21 18:50:47","valor_nuevo":""},"updated_at":{"valor_original":"2024-05-21 18:50:47","valor_nuevo":""}}",insert,tramite,7,"2024-05-21 12:50:47","2024-05-21 12:50:47",1
160,335748,192,"{"folio":{"valor_original":"335748","valor_nuevo":""},"contrato":{"valor_original":null,"valor_nuevo":""},"unidad":{"valor_original":"ONIX","valor_nuevo":""},"serie":{"valor_original":"GEN53A3RD005986","valor_nuevo":""},"placas":{"valor_original":"EZG743C","valor_nuevo":""},"tra_tipos_id":{"valor_original":"12","valor_nuevo":""},"ent_municipio_id":{"valor_original":"252","valor_nuevo":""},"cli_directo_id":{"valor_original":"26","valor_nuevo":""},"cli_directo_ejecutivo_id":{"valor_original":"50","valor_nuevo":""},"empresa_gestora_id":{"valor_original":"20","valor_nuevo":""},"gestor_id":{"valor_original":"34","valor_nuevo":""},"fecha_asignacion":{"valor_original":"2024-05-13 14:00:00","valor_nuevo":""},"tra_status_id":{"valor_original":"20","valor_nuevo":""},"cobro_status_id":{"valor_original":null,"valor_nuevo":""},"observaciones":{"valor_original":"SE ENVIA POR PAQUETERIA PLACAS Y DOCUMENTOS ORIGINALES","valor_nuevo":""},"status":{"valor_original":"1","valor_nuevo":""},"created_at":{"valor_original":"2024-05-21 18:58:19","valor_nuevo":""},"updated_at":{"valor_original":"2024-05-21 18:58:19","valor_nuevo":""}}",insert,tramite,7,"2024-05-21 12:58:19","2024-05-21 12:58:19",1
161,335901,193,"{"folio":{"valor_original":"335901","valor_nuevo":""},"contrato":{"valor_original":null,"valor_nuevo":""},"unidad":{"valor_original":"AVEO","valor_nuevo":""},"serie":{"valor_original":"GHD52H1ND017465","valor_nuevo":""},"placas":{"valor_original":"XVG585B","valor_nuevo":""},"tra_tipos_id":{"valor_original":"33","valor_nuevo":""},"ent_municipio_id":{"valor_original":"2071","valor_nuevo":""},"cli_directo_id":{"valor_original":"23","valor_nuevo":""},"cli_directo_ejecutivo_id":{"valor_original":"51","valor_nuevo":""},"empresa_gestora_id":{"valor_original":"18","valor_nuevo":""},"gestor_id":{"valor_original":"61","valor_nuevo":""},"fecha_asignacion":{"valor_original":"2024-05-06 12:30:00","valor_nuevo":""},"tra_status_id":{"valor_original":"11","valor_nuevo":""},"cobro_status_id":{"valor_original":null,"valor_nuevo":""},"observaciones":{"valor_original":"SE ENVIA DOCUMENTOS PARA INICO DE TRAMITE","valor_nuevo":""},"status":{"valor_original":"1","valor_nuevo":""},"created_at":{"valor_original":"2024-05-21 19:02:08","valor_nuevo":""},"updated_at":{"valor_original":"2024-05-21 19:02:08","valor_nuevo":""}}",insert,tramite,7,"2024-05-21 13:02:08","2024-05-21 13:02:08",1
162,400726,194,"{"folio":{"valor_original":"400726","valor_nuevo":""},"contrato":{"valor_original":null,"valor_nuevo":""},"unidad":{"valor_original":"AVEO","valor_nuevo":""},"serie":{"valor_original":"GHD52H6ND017347","valor_nuevo":""},"placas":{"valor_original":"XVG584B","valor_nuevo":""},"tra_tipos_id":{"valor_original":"33","valor_nuevo":""},"ent_municipio_id":{"valor_original":"2071","valor_nuevo":""},"cli_directo_id":{"valor_original":"23","valor_nuevo":""},"cli_directo_ejecutivo_id":{"valor_original":"51","valor_nuevo":""},"empresa_gestora_id":{"valor_original":"18","valor_nuevo":""},"gestor_id":{"valor_original":"61","valor_nuevo":""},"fecha_asignacion":{"valor_original":"2024-05-06 11:30:00","valor_nuevo":""},"tra_status_id":{"valor_original":"11","valor_nuevo":""},"cobro_status_id":{"valor_original":null,"valor_nuevo":""},"observaciones":{"valor_original":"EN ESPERA DE CONCLUCION POR PARTE DE SGL","valor_nuevo":""},"status":{"valor_original":"1","valor_nuevo":""},"created_at":{"valor_original":"2024-05-22 13:03:10","valor_nuevo":""},"updated_at":{"valor_original":"2024-05-22 13:03:10","valor_nuevo":""}}",insert,tramite,7,"2024-05-22 07:03:10","2024-05-22 07:03:10",1